Type,n,Number,rho,delta,Time,LB,UB,GAP,Max|O|,TreeSize
Uniform,6,1,0.25,0.25,707.958174943924,33.89904512287253,33.90747265420497,0.02485449569889686,4,13
Uniform,6,2,0.25,0.25,2226.6276438236237,25.56986196695516,25.57430121174996,0.017358225188820204,3,4
Uniform,6,3,0.25,0.25,1935.3313510417938,25.500363149951735,25.505975717186267,0.022004910914858997,3,13
Uniform,6,4,0.25,0.25,1505.1821711063385,33.89434061585748,33.899235161140396,0.01443851243147407,2,8
Uniform,6,5,0.25,0.25,2531.3992540836334,22.052639125531154,22.058670394583054,0.027341942846111886,4,13
Uniform,6,6,0.25,0.25,1378.8563179969788,27.71399145383246,27.719454540965984,0.019708494355292563,2,13
Uniform,6,7,0.25,0.25,2575.2565910816193,32.9097218182472,32.91552456380176,0.017629205766760726,4,13
Uniform,6,8,0.25,0.25,622.795599937439,22.210065127831996,22.220252004009584,0.04584500740923233,4,8
Uniform,6,9,0.25,0.25,2915.999295949936,28.395872215552814,28.401931680746888,0.021334693929221573,4,13
Uniform,6,10,0.25,0.25,1904.018492937088,28.591607095829254,28.59656332702069,0.017331562309631194,3,8
Uniform,6,1,0.5,0.5,575.2723870277405,32.73078975558725,32.75143982621285,0.06305087878631825,5,8
Uniform,6,2,0.5,0.5,2368.1396589279175,24.580176454345143,24.58892630523328,0.03558451792290945,3,4
Uniform,6,3,0.5,0.5,2233.2530438899994,24.343742528790177,24.35341662718703,0.03972378309355583,4,8
Uniform,6,4,0.5,0.5,2398.528235912323,32.88149683393534,32.89137793930155,0.030041627883290834,2,8
Uniform,6,5,0.5,0.5,652.9441230297089,20.650005253596344,20.66335407725424,0.06460143695930921,5,8
Uniform,6,6,0.5,0.5,1384.478837966919,26.299733878592953,26.31051348597774,0.040970722181200486,3,13
Uniform,6,7,0.5,0.5,1784.5615470409393,31.82269368775248,31.832694964776636,0.03141825420443386,3,8
Uniform,6,8,0.5,0.5,2836.459282875061,21.209777837941044,21.218348130264257,0.04039094971294848,3,4
Uniform,6,9,0.5,0.5,2682.3522119522095,26.608298805655885,26.619882818726587,0.043516393928502366,5,13
Uniform,6,10,0.5,0.5,2119.4578058719635,27.518439477284513,27.528341769329455,0.035971262373580386,3,8
Uniform,6,1,1.0,1.0,2660.4729759693146,30.875561179329228,30.89267449417707,0.055396028761012815,4,4
Uniform,6,2,1.0,1.0,664.5580739974976,22.824236646836685,22.852768690350324,0.12485158319432389,2,1
Uniform,6,3,1.0,1.0,1043.0831470489502,22.424234056386602,22.478172727260315,0.2399602117493239,4,8
Uniform,6,4,1.0,1.0,2467.608414173126,31.033222882824475,31.05033027018773,0.05509566956097388,2,4
Uniform,6,5,1.0,1.0,681.7811801433563,18.075020849338483,18.115984233645303,0.22611735458867754,10,13
Uniform,6,6,1.0,1.0,2157.1546959877014,23.643824953119605,23.667105164557476,0.09836526806300981,3,8
Uniform,6,7,1.0,1.0,3402.810672044754,29.826573601685784,29.83978780473553,0.04428383719152469,3,4
Uniform,6,8,1.0,1.0,747.3404960632324,19.66613012570165,19.69575486977754,0.1504118236227173,2,1
Uniform,6,9,1.0,1.0,2551.808471918106,24.102492193207617,24.118784195364476,0.0675490191582327,2,4
Uniform,6,10,1.0,1.0,2734.558743953705,25.617865945231877,25.634945033865364,0.06662424518923102,3,4
Uniform,8,1,0.25,0.25,2324.1965630054474,35.41022266910182,35.41705079580951,0.019279207484142896,6,30
Uniform,8,2,0.25,0.25,2168.530592918396,25.597195659524154,25.603734486970577,0.025538569187049023,5,19
Uniform,8,3,0.25,0.25,1861.4508340358734,37.228944051412114,37.23628507535715,0.019714705508838425,2,26
Uniform,8,4,0.25,0.25,2023.7579112052917,29.432259984092127,29.43820481575891,0.02019427374728629,6,18
Uniform,8,5,0.25,0.25,2960.8904190063477,33.622853541843895,33.62934732421864,0.019309867396892604,4,19
Uniform,8,6,0.25,0.25,3416.6574029922485,25.233798767192496,25.2402686102282,0.02563301974163952,7,30
Uniform,8,7,0.25,0.25,2545.3083341121674,28.395716936486057,28.402550326363688,0.024059071453481688,4,25
Uniform,8,8,0.25,0.25,1918.5502190589905,33.55822650403588,33.565595405151264,0.02195373276248715,5,26
Uniform,8,9,0.25,0.25,1489.9293110370636,33.076811088596216,33.083165092525164,0.019206154886260967,3,19
Uniform,8,10,0.25,0.25,1942.5163538455963,29.770700567674268,29.777997491972094,0.024504415717656016,5,33
Uniform,8,1,0.5,0.5,2711.820856809616,33.9960476683789,34.00942471432734,0.039333349684103056,7,30
Uniform,8,2,0.5,0.5,2241.502818107605,24.422970181328346,24.434602444650547,0.04760569912504777,6,13
Uniform,8,3,0.5,0.5,3128.024260044098,35.807966280813275,35.822439605158586,0.04040295553523977,4,26
Uniform,8,4,0.5,0.5,3306.567384004593,28.013440677529736,28.026974689129155,0.04828923474451097,7,25
Uniform,8,5,0.5,0.5,3086.8583290576935,32.180992812454896,32.188839255417946,0.024376284279121196,6,19
Uniform,8,6,0.5,0.5,1267.7547221183777,23.770450608169078,23.78115996487758,0.04503294508896832,6,13
Uniform,8,7,0.5,0.5,2418.7249500751495,26.609991742486454,26.619882818726587,0.03715672344423571,8,19
Uniform,8,8,0.5,0.5,1930.9496459960938,32.15889171447748,32.17028587399179,0.03541827249823102,4,13
Uniform,8,9,0.5,0.5,1413.9364361763,31.531613875450144,31.542537465969442,0.03463129918156616,3,13
Uniform,8,10,0.5,0.5,1629.9252500534058,28.306010438639955,28.317337292699403,0.0399997144589148,4,13
Uniform,8,1,1.0,1.0,852.2275581359863,31.64130043387473,31.68695432900187,0.1440778897622124,7,18
Uniform,8,2,1.0,1.0,1583.5673079490662,22.463316604046522,22.49481629914769,0.14003090615308292,4,8
Uniform,8,3,1.0,1.0,2213.534012079239,33.49211387285119,33.50847000518275,0.048811934203588765,2,4
Uniform,8,4,1.0,1.0,824.5561380386353,25.305855031359034,25.35296780228419,0.18582743958248635,9,13
Uniform,8,5,1.0,1.0,1066.0909221172333,29.804800794222842,29.85371635552228,0.16385082753822633,7,19
Uniform,8,6,1.0,1.0,998.6189570426941,21.298389224967476,21.316981211155408,0.08721678742298941,5,8
Uniform,8,7,1.0,1.0,2372.5193161964417,24.102492193207617,24.118784195364476,0.0675490191582327,2,4
Uniform,8,8,1.0,1.0,2455.7732779979706,29.872831292912,29.89230549452555,0.06514787431540832,4,8
Uniform,8,9,1.0,1.0,1894.4238500595093,28.795890138860038,28.818878737559682,0.07976923359507129,4,8
Uniform,8,10,1.0,1.0,2359.017634868622,25.83110337677084,25.850724996022635,0.07590355494792775,4,8
Uniform,10,1,0.25,0.25,1513.854393005371,33.36425146112758,33.37289317792921,0.02589441902909978,8,54
Uniform,10,2,0.25,0.25,2493.635934114456,33.833259655604174,33.84150974962611,0.02437862283029539,7,53
Uniform,10,3,0.25,0.25,3193.2697830200195,29.01946673194101,29.02770373621187,0.02837635503556822,5,39
Uniform,10,4,0.25,0.25,2482.271069049835,28.96905565128796,28.975547859048792,0.022405815387558935,5,19
Uniform,10,5,0.25,0.25,852.6608049869537,30.44381342573289,30.452834062923333,0.029621667302961938,17,87
Uniform,10,6,0.25,0.25,2582.488396167755,36.724124966153425,36.73060034054372,0.01762937259466358,11,54
Uniform,10,7,0.25,0.25,1937.081034898758,35.484571350966604,35.49267374794734,0.02282836463175049,4,34
Uniform,10,8,0.25,0.25,2012.2426671981812,33.72786626739966,33.73587570144606,0.023741592236352617,6,34
Uniform,10,9,0.25,0.25,1895.4447231292725,30.060096571211222,30.067912626588274,0.02599467237423321,2,34
Uniform,10,10,0.25,0.25,843.18399310112,34.26340931058213,34.28026736219869,0.0491771299168914,10,41
Uniform,10,1,0.5,0.5,1604.4197270870209,31.833129515251233,31.845059873980905,0.037463766050002095,9,39
Uniform,10,2,0.5,0.5,2593.224400997162,32.246656051482326,32.26155511111288,0.04618208756284901,9,30
Uniform,10,3,0.5,0.5,3244.0532319545746,26.821391730977936,26.837440116059458,0.05979849423834775,13,39
Uniform,10,4,0.5,0.5,2861.07368683815,27.297634194548426,27.3104996755813,0.04710818617639077,6,19
Uniform,10,5,0.5,0.5,2363.78702378273,28.437516486653806,28.453633026807893,0.05664141425772471,18,60
Uniform,10,6,0.5,0.5,970.4833769798279,34.8380652306315,34.86614049375559,0.08052300233550498,16,43
Uniform,10,7,0.5,0.5,1692.850900888443,33.925974430459426,33.93865442907483,0.0373615242817088,5,19
Uniform,10,8,0.5,0.5,1566.916562795639,32.21708520606962,32.22969322055821,0.039119250693176365,6,26
Uniform,10,9,0.5,0.5,1720.5147740840912,28.325077637258744,28.339044751461216,0.04928576218770486,4,26
Uniform,10,10,0.5,0.5,892.58025598526,31.99347372912653,32.02429170080035,0.09623310942126395,10,26
Uniform,10,1,1.0,1.0,833.090411901474,29.660546103724336,29.704964121992276,0.14953062419306257,9,18
Uniform,10,2,1.0,1.0,750.2354581356049,29.671748411298218,29.71915249261154,0.1595068410012898,6,13
Uniform,10,3,1.0,1.0,2241.3864979743958,23.122182203615257,23.145293300877437,0.09985225489151392,9,13
Uniform,10,4,1.0,1.0,2523.7636981010437,24.2880425048441,24.317482538068745,0.12106530015414774,11,33
Uniform,10,5,1.0,1.0,1569.0502347946167,25.27047476616004,25.28886019179891,0.07270167773253122,16,34
Uniform,10,6,1.0,1.0,918.7506639957428,31.061190314539633,31.1185170083917,0.18422052000937614,24,50
Uniform,10,7,1.0,1.0,1919.272835969925,31.54923813115733,31.57151208643909,0.07055080295417729,4,13
Uniform,10,8,1.0,1.0,2890.749729156494,29.99043362352947,30.01087700898634,0.0681199201567834,4,8
Uniform,10,9,1.0,1.0,1134.9288251399994,25.209814728662778,25.226417011977706,0.06581308517592827,7,19
Uniform,10,10,1.0,1.0,3280.356503009796,28.388437944814342,28.41522409192457,0.09426688673499416,12,19
Uniform,12,1,0.25,0.25,3459.2143189907074,36.46121895870218,36.47171207923803,0.02877057296638842,12,68
Uniform,12,2,0.25,0.25,1646.603882074356,47.016332129778135,47.031171692518825,0.0315526111867002,14,116
Uniform,12,3,0.25,0.25,2582.197027206421,35.13610081295178,35.14640380103187,0.029314487304073173,16,103
Uniform,12,4,0.25,0.25,2782.371127843857,35.32244594620778,35.3326570980219,0.028900039376575083,17,109
Uniform,12,5,0.25,0.25,997.9736800193787,40.246005569797106,40.260272290560756,0.035436225221446314,53,227
Uniform,12,6,0.25,0.25,2183.946835041046,35.86358579471704,35.87327012066029,0.026995938509854697,5,53
Uniform,12,7,0.25,0.25,3046.545180082321,34.49361820677129,34.5020235523873,0.024361891711219462,7,49
Uniform,12,8,0.25,0.25,2899.7315249443054,40.53600880657109,40.547200217222425,0.02760094554341579,14,149
Uniform,12,9,0.25,0.25,638.5411159992218,34.84719753680546,34.86660735454218,0.05566878801643363,9,84
Uniform,12,10,0.25,0.25,3017.838033914566,42.74551211043064,42.75606740099688,0.024687234368984158,13,90
Uniform,12,1,0.5,0.5,1060.7792520523071,34.50595688174989,34.54522901772112,0.11368324103767033,20,83
Uniform,12,2,0.5,0.5,920.6691129207611,44.775564140981196,44.814597382919544,0.08709939220211607,16,59
Uniform,12,3,0.5,0.5,1491.2791020870209,32.88533959887196,32.904789443766965,0.0591094646821739,14,55
Uniform,12,4,0.5,0.5,2409.1354188919067,33.29320783240581,33.30992931066333,0.050199681006716644,9,43
Uniform,12,5,0.5,0.5,3134.9827859401703,37.739969453837475,37.764577600121285,0.06516197941991955,63,190
Uniform,12,6,0.5,0.5,3024.9304690361023,34.319474120245644,34.333779586215925,0.041665864180081454,5,26
Uniform,12,7,0.5,0.5,2525.379989862442,32.92421300424243,32.93781863331932,0.041307013158186745,6,25
Uniform,12,8,0.5,0.5,1582.9998090267181,37.901791954591786,37.93361255659439,0.08388497656301455,20,119
Uniform,12,9,0.5,0.5,1056.8234090805054,32.276666152786596,32.299220454085315,0.06982924349762776,14,55
Uniform,12,10,0.5,0.5,2941.965245962143,40.280385622713126,40.30117364296033,0.05158167459679872,16,95
Uniform,12,1,1.0,1.0,2517.6226329803467,32.16722268450579,32.19054057764444,0.07243709711059344,5,13
Uniform,12,2,1.0,1.0,957.5844058990479,40.64519721284303,40.71559306278846,0.17289653582318767,15,34
Uniform,12,3,1.0,1.0,1847.6354849338531,28.453360595262417,28.485994860064753,0.11456248926059853,29,72
Uniform,12,4,1.0,1.0,2097.8747289180756,30.22791165555349,30.249706612785406,0.07205014419116063,7,13
Uniform,12,5,1.0,1.0,1707.958062171936,32.431824765767516,32.48793868569219,0.17272231540312993,38,79
Uniform,12,6,1.0,1.0,2597.620833158493,31.970800350212496,31.990027817489334,0.06010456566820036,3,8
Uniform,12,7,1.0,1.0,807.1330740451813,30.195373255970768,30.22460535072375,0.09671621651887329,12,25
Uniform,12,8,1.0,1.0,1374.529224872589,33.41343576097107,33.490810057169085,0.23103142642992994,30,93
Uniform,12,9,1.0,1.0,2544.935357093811,27.7433226710852,27.775653121699765,0.11639852525846771,15,34
Uniform,12,10,1.0,1.0,1225.9951519966125,35.90439261764753,35.956926686627924,0.14610277857792991,20,47
Uniform,14,1,0.25,0.25,1121.499016046524,39.66776530035631,39.69229993513192,0.06181207643726587,29,141
Uniform,14,2,0.25,0.25,1213.1357769966125,39.62341393932703,39.64540263853638,0.0554634276509491,29,239
Uniform,14,3,0.25,0.25,3111.58820605278,36.37840855837396,36.38844093876354,0.02757023969907864,9,53
Uniform,14,4,0.25,0.25,2717.6542551517487,39.86088520271054,39.87112929817171,0.025693015576656222,27,185
Uniform,14,5,0.25,0.25,2207.175001859665,36.265411177051895,36.27523818377471,0.027090123221330406,7,60
Uniform,14,6,0.25,0.25,3059.1132822036743,36.81202892888282,36.82128625453588,0.0251412337664319,8,63
Uniform,14,7,0.25,0.25,3560.7213559150696,42.52190496431799,42.52832501462776,0.015095939723849195,23,196
Uniform,14,8,0.25,0.25,1320.7266299724579,37.45233404477041,37.4774339017202,0.06697325386686787,36,232
Uniform,14,9,0.25,0.25,1829.0575299263,37.81353252825846,37.8232835261936,0.02578041096929876,6,69
Uniform,14,10,0.25,0.25,2991.2470121383667,37.47806367168689,37.48992273372184,0.03163266598115359,24,168
Uniform,14,1,0.5,0.5,3091.816134929657,37.211770339217836,37.22362956760289,0.03185940899051276,21,68
Uniform,14,2,0.5,0.5,1233.050446987152,36.92257688701871,36.94726382425035,0.0668166859366707,42,210
Uniform,14,3,0.5,0.5,2890.541566133499,34.30313791584037,34.32092310212114,0.051820244542538106,9,43
Uniform,14,4,0.5,0.5,3569.014086008072,37.682038170423695,37.69937539253705,0.04598808848378646,54,197
Uniform,14,5,0.5,0.5,2295.141832113266,34.38429354833455,34.40174064260273,0.05071573107140613,8,43
Uniform,14,6,0.5,0.5,2461.813634157181,34.69902641749759,34.715847960473226,0.04845493906640881,10,44
Uniform,14,7,0.5,0.5,1496.3341889381409,39.54745669706104,39.591947852433144,0.1123742523048731,30,152
Uniform,14,8,0.5,0.5,1178.4550659656525,34.49473926375213,34.52780174218477,0.0957561059910913,47,193
Uniform,14,9,0.5,0.5,2971.3389019966125,35.762432273061314,35.78116932891598,0.05236568900928183,10,69
Uniform,14,10,0.5,0.5,3390.7453219890594,35.05856603466854,35.07868745177145,0.05736080385156338,36,129
Uniform,14,1,1.0,1.0,2672.4716770648956,33.77446106985912,33.800646983812626,0.07747163527977853,8,19
Uniform,14,2,1.0,1.0,1526.4355840682983,32.8459839408478,32.91967181103999,0.22384144840555814,28,78
Uniform,14,3,1.0,1.0,3297.0198390483856,31.3271469457207,31.352441564394425,0.08067830577651774,4,19
Uniform,14,4,1.0,1.0,1769.1757390499115,33.5611414807373,33.609349033731746,0.14343495003745835,151,279
Uniform,14,5,1.0,1.0,2714.0802760124207,31.970800350212496,31.990027817489334,0.06010456566820036,3,8
Uniform,14,6,1.0,1.0,2746.7144689559937,31.070286283385997,31.099847893194816,0.09505387264382152,14,26
Uniform,14,7,1.0,1.0,894.5189440250397,34.598350044717876,34.67023791534573,0.2073474973070073,22,65
Uniform,14,8,1.0,1.0,1865.0369908809662,29.047926634436685,29.114006907798196,0.22697072776956392,64,174
Uniform,14,9,1.0,1.0,3107.5931491851807,32.48948886240072,32.51918714903652,0.0913254273536761,10,38
Uniform,14,10,1.0,1.0,1529.7665820121765,30.82482971499312,30.854027735836294,0.09463276915792218,22,41
Uniform,16,1,0.25,0.25,994.7037389278412,47.132503181137324,47.15738850229891,0.05277077877281238,30,160
Uniform,16,2,0.25,0.25,1009.4744579792023,35.826234425605534,35.85417592137764,0.07793093845853721,37,204
Uniform,16,3,0.25,0.25,2914.5611522197723,41.12119188909473,41.13325107412893,0.029317364223080802,33,236
Uniform,16,4,0.25,0.25,1172.4268679618835,39.70719044121559,39.729054741502836,0.05503352755183427,55,332
Uniform,16,5,0.25,0.25,3375.2310948371887,38.947287704439724,38.960759088638675,0.03457680115601051,23,174
Uniform,16,6,0.25,0.25,3383.4287328720093,43.77318899114412,43.781052802024256,0.017961676060414322,44,469
Uniform,16,7,0.25,0.25,879.4267740249634,40.270966051312115,40.29459647811824,0.05864415795540773,26,194
Uniform,16,8,0.25,0.25,2705.152009010315,38.98701658470416,38.997148623429496,0.02598148603934275,8,128
Uniform,16,9,0.25,0.25,2215.6376378536224,35.799175148284306,35.81805198848019,0.05270202913870897,13,95
Uniform,16,10,0.25,0.25,3041.3650550842285,37.719703150061406,37.72794656447592,0.021849623860200354,29,253
Uniform,16,1,0.5,0.5,2989.387120962143,44.22519464786461,44.247576778793146,0.050583856920411924,29,91
Uniform,16,2,0.5,0.5,878.497239112854,32.982372278175305,33.01028747656124,0.08456514777629434,41,128
Uniform,16,3,0.5,0.5,1026.968197107315,38.78241185636132,38.8224467456345,0.10312304511740163,43,194
Uniform,16,4,0.5,0.5,2424.145061969757,36.61990784547803,36.652441268273755,0.08876195328326911,49,261
Uniform,16,5,0.5,0.5,2794.818120956421,36.19987624826131,36.2119453723216,0.033329123680592015,27,120
Uniform,16,6,0.5,0.5,3489.585693836212,40.954816953620245,40.9816774243324,0.06554263368490171,73,398
Uniform,16,7,0.5,0.5,961.0697951316833,37.24621392657679,37.29269706045196,0.12464406583362395,40,170
Uniform,16,8,0.5,0.5,3334.3160729408264,36.53611268058422,36.559253944803444,0.06329796623904059,15,109
Uniform,16,9,0.5,0.5,779.7426900863647,33.972435294204374,34.00646341742129,0.10006369318451651,18,60
Uniform,16,10,0.5,0.5,2714.617847919464,35.00037282096771,35.01591789897678,0.04439431818956588,29,159
Uniform,16,1,1.0,1.0,1939.4675498008728,39.8612806726894,39.8975971962012,0.09102433746375635,15,43
Uniform,16,2,1.0,1.0,854.3652579784393,28.142879177209263,28.210287633668568,0.2389499083974368,29,55
Uniform,16,3,1.0,1.0,1040.6437311172485,34.49446768032534,34.54544211580556,0.14755762948215806,90,199
Uniform,16,4,1.0,1.0,2216.457055091858,33.359244535399306,33.38531849339327,0.07810007263859153,7,19
Uniform,16,5,1.0,1.0,1868.8586738109589,32.37873101840826,32.408289230672914,0.09120571608784013,14,31
Uniform,16,6,1.0,1.0,1319.3919670581818,35.32756573472348,35.394536389731,0.1892118440826745,43,133
Uniform,16,7,1.0,1.0,1608.9413900375366,31.858234019203337,31.903035834815945,0.14043119859996447,85,145
Uniform,16,8,1.0,1.0,2457.1766500473022,33.07551974470076,33.10540131999109,0.09026193339719721,13,45
Uniform,16,9,1.0,1.0,1493.809551000595,30.984410167156057,31.03256330918364,0.15516972139176577,33,65
Uniform,16,10,1.0,1.0,1933.2266581058502,31.234288604661266,31.256356548745902,0.07060305973352966,12,32
Uniform,18,1,0.25,0.25,1168.3484981060028,47.6159757696023,47.642879366881225,0.05646929328462447,31,173
Uniform,18,2,0.25,0.25,1004.5830450057983,41.51783539699799,41.537976209224404,0.04848770706826782,51,312
Uniform,18,3,0.25,0.25,1222.4421799182892,42.400472863911205,42.413604852043896,0.03096173545847247,213,1199
Uniform,18,4,0.25,0.25,968.8440568447113,44.56647626816591,44.59511200393851,0.0642127230672147,13,148
Uniform,18,5,0.25,0.25,2467.6194179058075,40.86441854475635,40.87363177364717,0.02254076403546283,20,161
Uniform,18,6,0.25,0.25,1078.330941915512,40.654759966470266,40.677299793706226,0.05541131626305068,163,1130
Uniform,18,7,0.25,0.25,2060.8558588027954,38.9947643437417,39.006342613817,0.029683044601049112,6,91
Uniform,18,8,0.25,0.25,2454.3285081386566,36.205345532449925,36.225876932853296,0.056676061814672114,17,113
Uniform,18,9,0.25,0.25,1340.6161980628967,37.73456457162446,37.75240790540189,0.047264094576798685,33,283
Uniform,18,10,0.25,0.25,1553.9203851222992,44.5816821944114,44.597937563615154,0.03644870164807041,51,353
Uniform,18,1,0.5,0.5,1285.23859500885,44.69875779130082,44.744580115855406,0.1024086591849544,69,229
Uniform,18,2,0.5,0.5,3023.9415559768677,38.67684804110419,38.72778388447594,0.13152274223510188,89,371
Uniform,18,3,0.5,0.5,2134.048558950424,39.50310468097338,39.53555426533599,0.08207696835316852,432,1508
Uniform,18,4,0.5,0.5,2716.9857890605927,41.85150191446328,41.87628662320564,0.05918554566541963,19,119
Uniform,18,5,0.5,0.5,2795.3483760356903,38.054028379081245,38.073585412624006,0.05136640883912103,27,134
Uniform,18,6,0.5,0.5,1754.3241958618164,37.5178487664329,37.55039031639832,0.08666101654664222,260,932
Uniform,18,7,0.5,0.5,2962.6078839302063,36.57298154645552,36.58965603566044,0.04557159320838005,14,85
Uniform,18,8,0.5,0.5,872.0736730098724,34.31075947327723,34.345022101339275,0.09976009903545524,17,67
Uniform,18,9,0.5,0.5,1339.6048290729523,35.004176845821874,35.0402277488813,0.10288432860022376,31,169
Uniform,18,10,0.5,0.5,1130.1608719825745,41.36320591794484,41.4033377276534,0.09692892387697037,27,159
Uniform,18,1,1.0,1.0,753.8194029331207,40.2781323550779,40.3469462199086,0.17055532395348066,27,58
Uniform,18,2,1.0,1.0,2658.437504053116,33.85680171738906,33.91185571643503,0.16234440104463382,40,115
Uniform,18,3,1.0,1.0,3423.664936065674,34.04269335479911,34.15465313861012,0.3278024325313515,491,967
Uniform,18,4,1.0,1.0,3071.5735251903534,38.08061303038317,38.11306265240992,0.08514042107477177,19,64
Uniform,18,5,1.0,1.0,3561.342938184738,33.760092045768786,33.79024103039278,0.08922394071375253,33,99
Uniform,18,6,1.0,1.0,2781.793011903763,31.037971730596496,31.095631533532345,0.18542734169483088,204,357
Uniform,18,7,1.0,1.0,2464.4642341136932,33.07551974470076,33.10540131999109,0.09026193339719721,18,53
Uniform,18,8,1.0,1.0,3433.335291147232,31.180980995202923,31.21207960199208,0.09963644584314343,34,62
Uniform,18,9,1.0,1.0,2769.8572738170624,31.257116731171855,31.288718065566027,0.10099913434596494,18,47
Uniform,18,10,1.0,1.0,1892.7434811592102,36.938586657914925,36.99835642232561,0.16154707989843364,21,67
Uniform,20,1,0.25,0.25,1062.6892471313477,48.75045374757379,48.77921685598404,0.05896590856545746,38,237
Uniform,20,2,0.25,0.25,1095.6457769870758,39.77298275305339,39.79079919359217,0.04477527694806774,48,299
Uniform,20,3,0.25,0.25,3147.8266348838806,52.442307730211034,52.460723349084546,0.03510363124612344,752,4760
Uniform,20,4,0.25,0.25,1240.1978809833527,41.524335749725196,41.551141859221566,0.06451353271395284,52,460
Uniform,20,5,0.25,0.25,1018.3808319568634,45.8738950647455,45.89697234819629,0.0502806225990697,70,563
Uniform,20,6,0.25,0.25,1370.9149420261383,45.42746108308119,45.44597136371748,0.040730300356325945,72,598
Uniform,20,7,0.25,0.25,1721.5828268527985,41.641809094826385,41.66195214592721,0.04834879323530014,49,375
Uniform,20,8,0.25,0.25,1208.1092338562012,41.24012653660051,41.27242649648116,0.07826038501370888,75,591
Uniform,20,9,0.25,0.25,1801.9163091182709,45.29305378805118,45.31151736320554,0.040748083994533675,78,527
Uniform,20,10,0.25,0.25,1732.5036361217499,47.528235835712835,47.549723257823054,0.045189373645164316,150,1126
Uniform,20,1,0.5,0.5,2337.5378320217133,45.54171375505331,45.57788264346161,0.07935622786875257,54,168
Uniform,20,2,0.5,0.5,933.9886028766632,36.128031015151436,36.159299913426445,0.08647539733864792,41,190
Uniform,20,3,0.5,0.5,3132.1885471343994,48.207726434539516,48.27521751983467,0.13980482898378005,756,2591
Uniform,20,4,0.5,0.5,3077.9147579669952,38.180766527210636,38.20890235893654,0.07363684897722336,39,183
Uniform,20,5,0.5,0.5,1273.0845048427582,42.52737483977313,42.56150527485219,0.08019085523091872,91,330
Uniform,20,6,0.5,0.5,1283.9902801513672,42.058308677927684,42.09131357012446,0.07841259727328846,116,408
Uniform,20,7,0.5,0.5,2412.0016860961914,38.709393789143945,38.74288860988143,0.086454113101275,56,271
Uniform,20,8,0.5,0.5,1319.5652329921722,38.05943358062621,38.09738276261631,0.09961099487216958,84,366
Uniform,20,9,0.5,0.5,1213.5748980045319,41.839090694919086,41.86832054283048,0.06981375783032352,47,274
Uniform,20,10,0.5,0.5,3268.428045988083,43.35401017351382,43.39177907556677,0.08704160755236928,154,647
Uniform,20,1,1.0,1.0,1471.7224798202515,40.70557209252651,40.75533050221781,0.1220905561999858,31,64
Uniform,20,2,1.0,1.0,1924.7466909885406,31.60360827756288,31.673260974290788,0.2199100900423361,37,124
Uniform,20,3,1.0,1.0,3512.7911291122437,41.18000538229538,41.38990116662701,0.5071183511326577,296,671
Uniform,20,4,1.0,1.0,2412.261494874954,33.07101234935766,33.112198179266805,0.12438265102838995,39,85
Uniform,20,5,1.0,1.0,1081.3826661109924,36.335605742952716,36.40254920660115,0.18389773548138225,61,124
Uniform,20,6,1.0,1.0,1952.925654888153,37.21799713491868,37.266693217687845,0.13066918088146673,106,272
Uniform,20,7,1.0,1.0,2977.9060640335083,33.9007674308523,33.943582161541265,0.12613498034829373,105,194
Uniform,20,8,1.0,1.0,3590.4676299095154,33.60027899828218,33.63983579041589,0.1175891356312116,48,109
Uniform,20,9,1.0,1.0,2916.8836698532104,37.17185387488476,37.20483809848673,0.08865573750020729,22,49
Uniform,20,10,1.0,1.0,1536.9520721435547,36.72362893587052,36.780834347602415,0.1555304895785262,84,216
Uniform,25,1,0.25,0.25,3518.77197098732,48.73284081583501,48.91456413579871,0.3715116819996464,1696,11104
Uniform,25,2,0.25,0.25,2932.209050178528,51.2153581717091,51.2601877067857,0.08745487888774796,748,5793
Uniform,25,3,0.25,0.25,3599.5902700424194,49.42921648576772,50.32234551166867,1.774815972546146,2728,18534
Uniform,25,4,0.25,0.25,2642.1194400787354,52.629171975730635,52.6569787765127,0.05280743678835875,308,2313
Uniform,25,5,0.25,0.25,3599.7799549102783,49.65538304793207,51.25171163056199,3.1146834551336497,2740,18783
Uniform,25,6,0.25,0.25,3598.1127309799194,50.578369269962884,50.98302785904257,0.793712351095514,2281,13433
Uniform,25,7,0.25,0.25,3599.776041984558,52.32877070672127,53.926216074070815,2.9622797289454885,3795,22329
Uniform,25,8,0.25,0.25,3506.5842740535736,52.21246581863668,52.24622589554703,0.06461725480007317,938,6718
Uniform,25,9,0.25,0.25,3555.034504890442,47.80159564781706,47.84394716584074,0.08852011703147458,1200,8154
Uniform,25,10,0.25,0.25,3599.890048980713,48.858581263544565,50.7727121914771,3.769999366419204,3262,22198
Uniform,25,1,0.5,0.5,3313.6767058372498,43.526571755178495,43.5684960898549,0.09622626080537182,516,1939
Uniform,25,2,0.5,0.5,3521.5313370227814,46.83990140337666,46.917799095218285,0.16603014920528686,810,3067
Uniform,25,3,0.5,0.5,3598.722790002823,44.91045936593929,45.20917923330863,0.6607504768616896,1766,6104
Uniform,25,4,0.5,0.5,3509.251498937607,48.23382975508602,48.269832869809754,0.0745871957353548,261,981
Uniform,25,5,0.5,0.5,3594.7496469020844,45.162934358307815,46.06552184011792,1.9593558170094338,1833,6417
Uniform,25,6,0.5,0.5,3599.625641822815,45.69570391455806,46.433859474998236,1.5896924545710616,2074,6712
Uniform,25,7,0.5,0.5,3599.755879878998,47.16764244280114,49.729269784332224,5.151146100959149,4959,14461
Uniform,25,8,0.5,0.5,3368.6692368984222,47.49339606845241,47.559426400916095,0.1388375290884731,614,2539
Uniform,25,9,0.5,0.5,2681.411814928055,42.77470370275449,42.848447810609656,0.17210450231735797,596,2283
Uniform,25,10,0.5,0.5,3599.523391008377,44.35573014757625,45.55356606554833,2.629510752788218,2204,6482
Uniform,25,1,1.0,1.0,1890.633845090866,36.499907778397585,36.560634561193346,0.16609882056100517,129,246
Uniform,25,2,1.0,1.0,3595.2869510650635,39.11351431548341,39.58679349353563,1.1955481520106144,390,1062
Uniform,25,3,1.0,1.0,2988.7074949741364,36.48059358232053,36.60055359299338,0.32775463455233844,585,1065
Uniform,25,4,1.0,1.0,1643.3285250663757,41.1777956363644,41.2418515220823,0.15531767695638266,88,173
Uniform,25,5,1.0,1.0,3541.7192430496216,37.625073050270494,37.72341936485485,0.26070360598323455,591,1253
Uniform,25,6,1.0,1.0,3514.213429927826,38.45221696863721,38.51184718550311,0.15483603416546687,601,1095
Uniform,25,7,1.0,1.0,3555.06161403656,40.24438891335425,40.438790063112165,0.48072939238418533,872,1326
Uniform,25,8,1.0,1.0,3239.327555179596,39.94815945596457,40.03947909347091,0.22807398990669944,188,497
Uniform,25,9,1.0,1.0,3305.8029611110687,35.64117889539736,35.766319636312566,0.3498843106802484,298,695
Uniform,25,10,1.0,1.0,3589.26221203804,36.85284991983826,37.377700062232456,1.4041798760232371,383,710
Uniform,30,1,0.25,0.25,3599.4137358665466,52.99241600745539,55.46472916208395,4.457451053990989,3334,19162
Uniform,30,2,0.25,0.25,3580.4216520786285,50.603231968358145,50.71401109171909,0.21843889090253915,1297,9565
Uniform,30,3,0.25,0.25,3100.091593980789,52.2038527483583,52.25004763302845,0.08841118192770694,997,7089
Uniform,30,4,0.25,0.25,3599.6011531352997,53.10048328581364,53.859750556344025,1.409711821327688,1906,12855
Uniform,30,5,0.25,0.25,3599.0103709697723,51.12739350320935,51.561879869609015,0.8426503601079087,1723,11485
Uniform,30,6,0.25,0.25,3599.470593214035,52.975530999620474,56.77912001795502,6.698922098707687,5822,22256
Uniform,30,7,0.25,0.25,3599.994443178177,51.73495650937831,56.518247962631605,8.463269166475023,6598,21530
Uniform,30,8,0.25,0.25,3597.2889411449432,56.47820598510225,57.51198348752799,1.7974993031668378,2636,18557
Uniform,30,9,0.25,0.25,2427.2332620620728,54.19822409709338,54.24334235191381,0.08317749766914616,771,5165
Uniform,30,10,0.25,0.25,3599.9880089759827,51.51737924127215,53.427298255493334,3.574799917989125,3585,20291
Uniform,30,1,0.5,0.5,3595.418021917343,49.66541680848179,49.83294670554017,0.3361830036828918,1576,5185
Uniform,30,2,0.5,0.5,3582.804036140442,45.136618364563745,45.29487985361485,0.3494026025956581,876,3106
Uniform,30,3,0.5,0.5,3022.251037836075,47.66020831584266,47.736354893349734,0.15951485545387298,821,3087
Uniform,30,4,0.5,0.5,3597.013216972351,48.573413804247735,48.654884958003265,0.16744701755199298,823,3010
Uniform,30,5,0.5,0.5,3493.6667971611023,46.341855256166596,46.51287715526297,0.3676872074060089,875,3017
Uniform,30,6,0.5,0.5,3599.9483609199524,47.91527316498535,51.04526454183815,6.1317957795818065,5047,15759
Uniform,30,7,0.5,0.5,3598.0008499622345,44.120417083406345,50.94555764876015,13.396929742940811,5147,12884
Uniform,30,8,0.5,0.5,3065.1888041496277,51.73825403155074,51.820311949683344,0.1583508764136391,956,3486
Uniform,30,9,0.5,0.5,2491.5499579906464,49.55299912027857,49.63508519247258,0.1653791302577599,657,2624
Uniform,30,10,0.5,0.5,3598.4757227897644,47.021745982815276,48.27482215196423,2.5957136935779856,2617,7500
Uniform,30,1,1.0,1.0,3455.045315027237,41.36572553351611,41.61831725776396,0.6069244046639789,549,1099
Uniform,30,2,1.0,1.0,3153.2769498825073,37.386948030679065,37.47629418250786,0.23840711515839963,140,368
Uniform,30,3,1.0,1.0,3598.4269411563873,38.94509512534739,40.58010775919576,4.0290987977425035,1063,2161
Uniform,30,4,1.0,1.0,2601.075073003769,42.22409722979655,42.2800204916141,0.132268767061374,379,760
Uniform,30,5,1.0,1.0,3462.1081471443176,38.511912142518604,38.70244693223461,0.4923068302363874,1141,1883
Uniform,30,6,1.0,1.0,3033.442234992981,41.7162778088289,41.83937245339608,0.2942076741334832,793,1539
Uniform,30,7,1.0,1.0,3596.4498150348663,39.03579935758796,41.34311446286582,5.580893300504193,2004,4125
Uniform,30,8,1.0,1.0,3498.8038680553436,43.74344886951426,43.80827751706477,0.1479826444334706,475,1024
Uniform,30,9,1.0,1.0,3579.514353990555,40.743824577671575,42.538926759856565,4.219904729423041,1045,2491
Uniform,30,10,1.0,1.0,3598.6966590881348,38.72607173099729,39.29680607479188,1.452368273157715,571,1127
Variable,6,1,0.25,0.25,2659.535984992981,33.92062571661774,33.92636579612516,0.016919228961665915,5,13
Variable,6,2,0.25,0.25,2839.9792759418488,25.33623699332386,25.341372731912656,0.020266220946786925,4,8
Variable,6,3,0.25,0.25,1849.319657087326,25.457136469567303,25.463153078985933,0.023628689659786768,4,13
Variable,6,4,0.25,0.25,1393.2489199638367,33.86186521150499,33.86688583666696,0.014824584658246653,2,8
Variable,6,5,0.25,0.25,2566.9198911190033,22.31101899984409,22.316225048725762,0.023328537287576254,4,13
Variable,6,6,0.25,0.25,1418.539020061493,27.799562146705078,27.804613559807404,0.01816753572733556,2,13
Variable,6,7,0.25,0.25,3487.8724961280823,32.98846100204651,32.994117328652194,0.017143439690593877,4,13
Variable,6,8,0.25,0.25,682.2704257965088,22.36591184507084,22.375489733130266,0.04280526671665996,4,8
Variable,6,9,0.25,0.25,3378.4298708438873,28.5814843972287,28.58717052168943,0.019890476591295867,3,13
Variable,6,10,0.25,0.25,2044.9346561431885,28.80559935160119,28.810063274088364,0.01549431684583332,3,8
Variable,6,1,0.5,0.5,2926.90513920784,32.60181341393244,32.61051051552713,0.026669627237361018,3,4
Variable,6,2,0.5,0.5,2084.684481859207,23.954555942915487,23.962299012916688,0.03231355220560035,3,4
Variable,6,3,0.5,0.5,1846.2564640045166,24.086724200399797,24.097444412176998,0.044486923981797835,4,8
Variable,6,4,0.5,0.5,2251.8761460781097,33.12026922820982,33.12837650129536,0.02447229216082587,2,4
Variable,6,5,0.5,0.5,3393.08957695961,20.810413620976192,20.822852758473427,0.05973791219444519,6,13
Variable,6,6,0.5,0.5,1741.0465981960297,26.754080567590936,26.763253638497137,0.03427487191992875,3,13
Variable,6,7,0.5,0.5,3244.7947947978973,31.5739566692706,31.58454054587549,0.03350967410628543,4,8
Variable,6,8,0.5,0.5,822.9063420295715,21.596944028776008,21.613704047936338,0.07754348409304748,5,8
Variable,6,9,0.5,0.5,707.6823151111603,27.323351988508684,27.343229874446923,0.0726976514095573,4,13
Variable,6,10,0.5,0.5,2401.0396258831024,26.925014124849962,26.937080189506148,0.044793513518535576,3,8
Variable,6,1,1.0,1.0,2797.4833068847656,30.46541454239317,30.482217094084646,0.05512247235696448,4,4
Variable,6,2,1.0,1.0,869.7335789203644,23.91674658487677,23.942414494124186,0.1072068535682419,2,1
Variable,6,3,1.0,1.0,2940.8658740520477,21.00086550408955,21.061327838225033,0.2870775033744435,4,8
Variable,6,4,1.0,1.0,3115.534605026245,29.141446221019983,29.168052255509444,0.09121635636275878,5,13
Variable,6,5,1.0,1.0,829.3198158740997,17.648095140671,17.683378054018,0.19952586682940557,6,8
Variable,6,6,1.0,1.0,2104.9509329795837,22.75656903484954,22.78306149996505,0.11628140983401412,4,8
Variable,6,7,1.0,1.0,1545.8088319301605,30.985584583191766,31.013126440625925,0.08880709749430453,4,13
Variable,6,8,1.0,1.0,982.3741199970245,17.880738983848094,17.928270642025346,0.26512126644180806,4,4
Variable,6,9,1.0,1.0,2527.347762823105,24.756766782192603,24.774197722253987,0.07035925141473545,2,8
Variable,6,10,1.0,1.0,782.448569059372,27.154773103528623,27.190513937317572,0.1314459663077464,4,8
Variable,8,1,0.25,0.25,3153.098989009857,35.76007458512579,35.766124769253544,0.016915962147938484,6,30
Variable,8,2,0.25,0.25,2364.424034833908,25.784053906755183,25.789556246319503,0.02133553408893929,5,24
Variable,8,3,0.25,0.25,2224.413475036621,37.31111463402303,37.31819978576527,0.018985781154824136,2,26
Variable,8,4,0.25,0.25,2760.2582919597626,29.385264821444252,29.39194917948861,0.022742139364549087,7,30
Variable,8,5,0.25,0.25,506.12980794906616,33.85899644725825,33.87010660156075,0.032802241909649324,3,19
Variable,8,6,0.25,0.25,2617.3904371261597,25.347737641951362,25.353017564178547,0.020825616571358885,6,30
Variable,8,7,0.25,0.25,3225.545868873596,28.80999301274903,28.81580977179284,0.020185998900867922,3,19
Variable,8,8,0.25,0.25,1966.237186908722,33.56901810302571,33.57636478915298,0.021880528679638408,5,26
Variable,8,9,0.25,0.25,1676.884388923645,33.19342894972315,33.20036880444705,0.020902944677450915,3,26
Variable,8,10,0.25,0.25,2211.4424798488617,29.807188616835518,29.813909499641944,0.02254277590299723,3,19
Variable,8,1,0.5,0.5,834.9023008346558,34.40128278134212,34.42397314673906,0.06591442916893389,6,25
Variable,8,2,0.5,0.5,3016.2884771823883,24.87848077121025,24.890207762681392,0.04711487980717254,8,24
Variable,8,3,0.5,0.5,1891.536591053009,35.71018219232661,35.72335097651442,0.03686323882790925,3,19
Variable,8,4,0.5,0.5,2436.204270839691,27.336291093789526,27.351242354875957,0.05466391943898389,7,19
Variable,8,5,0.5,0.5,1351.8737750053406,32.04872534142515,32.0628960755963,0.04419667561452116,7,26
Variable,8,6,0.5,0.5,723.9475240707397,24.46312976464997,24.482665469502194,0.07979402764196336,6,17
Variable,8,7,0.5,0.5,3237.4952969551086,26.380098342063814,26.393307753861805,0.050048337711889476,11,25
Variable,8,8,0.5,0.5,2298.1115760803223,32.60279668461755,32.61358294936517,0.03307292168530446,4,13
Variable,8,9,0.5,0.5,1850.0169570446014,32.2060307746617,32.216132499245646,0.03135610577769923,3,19
Variable,8,10,0.5,0.5,2555.1252059936523,27.89042486676193,27.903595000653347,0.04719869927552082,4,19
Variable,8,1,1.0,1.0,2786.930438041687,31.31870751221749,31.34006422326246,0.06814507747280646,8,19
Variable,8,2,1.0,1.0,1366.7511520385742,23.314586857818913,23.338334873191027,0.10175539729440279,3,4
Variable,8,3,1.0,1.0,1703.616297006607,32.448572907046085,32.47060631497556,0.06785647214513327,5,13
Variable,8,4,1.0,1.0,3512.2361550331116,24.8435567486909,24.86480153781028,0.08544121732511491,7,8
Variable,8,5,1.0,1.0,2957.8193039894104,31.378643315913763,31.39539373753905,0.05335311850304201,4,8
Variable,8,6,1.0,1.0,1884.8789339065552,21.488917978005585,21.528918008958563,0.18579675456208844,5,8
Variable,8,7,1.0,1.0,3335.2397289276123,25.355539957708835,25.371441993673198,0.0626769103952709,3,8
Variable,8,8,1.0,1.0,1837.0594100952148,29.79265134554251,29.812595169132475,0.06689730792244195,5,13
Variable,8,9,1.0,1.0,2195.2702498435974,29.31512313037912,29.33427605574064,0.06529196536204486,3,8
Variable,8,10,1.0,1.0,1405.6911590099335,26.963190505465676,27.003041180592508,0.14757847036678756,6,13
Variable,10,1,0.25,0.25,2042.4340908527374,33.58186482003648,33.58999527852655,0.024205000395667663,7,54
Variable,10,2,0.25,0.25,2441.458000898361,34.01138004653548,34.01857456787866,0.021148803071759526,7,37
Variable,10,3,0.25,0.25,3525.728418111801,28.975068303907047,28.98335740526662,0.028599520903214954,7,39
Variable,10,4,0.25,0.25,1804.8689830303192,28.90952244814236,28.916853534902668,0.025352297584720344,5,26
Variable,10,5,0.25,0.25,2293.5140891075134,30.297698030657852,30.303506753153158,0.019168482851252427,15,105
Variable,10,6,0.25,0.25,2470.0190958976746,36.13694701396881,36.14449603866975,0.020885682547257572,11,48
Variable,10,7,0.25,0.25,2724.829153060913,35.68479729125645,35.692689439612536,0.022111386056904637,4,34
Variable,10,8,0.25,0.25,2055.801591157913,34.09210713827624,34.098978286532336,0.020150598643624194,6,34
Variable,10,9,0.25,0.25,1986.5106408596039,29.84614840185894,29.855020153194005,0.0297161123641557,3,34
Variable,10,10,0.25,0.25,1020.2044658660889,34.51959508478388,34.53525508149374,0.04534495741497748,12,41
Variable,10,1,0.5,0.5,1324.5322620868683,31.93010326808469,31.9433308602955,0.0414095582851448,6,31
Variable,10,2,0.5,0.5,735.3175809383392,31.8942410603711,31.926116576023396,0.09984150617377,9,30
Variable,10,3,0.5,0.5,1012.8043780326843,27.20211879110357,27.22575005851697,0.08679748900437478,11,34
Variable,10,4,0.5,0.5,2330.19052195549,26.70779538517013,26.72172539668937,0.05212991044719345,6,19
Variable,10,5,0.5,0.5,2672.624302148819,28.57731700298678,28.593973287891565,0.058251033310704095,15,56
Variable,10,6,0.5,0.5,1337.0207760334015,35.52809263998725,35.54467506759383,0.046652353904051785,18,48
Variable,10,7,0.5,0.5,1444.469712972641,33.41574542864359,33.43163301113942,0.04752260378825924,5,26
Variable,10,8,0.5,0.5,1629.4337239265442,32.39051482444181,32.4024613027758,0.036869045910922535,6,19
Variable,10,9,0.5,0.5,1892.7448630332947,28.759846623978436,28.772324760157,0.043368536545383383,5,26
Variable,10,10,0.5,0.5,3566.342931032181,31.4991480340996,31.51631881121508,0.05448217863999921,16,34
Variable,10,1,1.0,1.0,3550.603782892227,30.06601152505919,30.090805127772196,0.08239594323823586,4,19
Variable,10,2,1.0,1.0,2395.8533861637115,29.056621027596663,29.076586486745292,0.0686650723520476,6,12
Variable,10,3,1.0,1.0,1775.2435879707336,22.317329109154738,22.33971907293571,0.10022491199586679,8,13
Variable,10,4,1.0,1.0,1031.3134589195251,25.389959937592813,25.43893637851971,0.19252550577645808,12,32
Variable,10,5,1.0,1.0,3242.2037649154663,24.92282203829408,24.942530295131796,0.07901466533074043,18,39
Variable,10,6,1.0,1.0,3251.825830936432,31.473335544489643,31.50075138869785,0.08703235002211214,15,30
Variable,10,7,1.0,1.0,3544.5956938266754,31.53684099386101,31.560122059180472,0.07376734879480741,7,19
Variable,10,8,1.0,1.0,1068.860368013382,29.182321677603447,29.205563785451588,0.07958109632425117,6,13
Variable,10,9,1.0,1.0,2051.1249208450317,25.36748090547897,25.39269637851204,0.099302069607724,5,26
Variable,10,10,1.0,1.0,2704.922933101654,29.670541662074786,29.690533396098928,0.06733369777307113,8,13
Variable,12,1,0.25,0.25,2638.694766998291,36.30538821157323,36.31619667341675,0.029762097448461255,12,68
Variable,12,2,0.25,0.25,3567.82240486145,47.20213275490657,47.211668365840715,0.020197572473509826,13,90
Variable,12,3,0.25,0.25,2512.490098953247,34.90655476743663,34.91688670503787,0.02959008828168466,15,90
Variable,12,4,0.25,0.25,2355.1185290813446,34.84614585514622,34.85776086073436,0.03332114657205165,20,109
Variable,12,5,0.25,0.25,972.7807722091675,39.974028684966214,39.99664643283364,0.056549110699595125,56,244
Variable,12,6,0.25,0.25,1881.0436828136444,35.75386984243313,35.76319429683605,0.026072767229686943,4,43
Variable,12,7,0.25,0.25,2791.279476881027,34.44314397213571,34.45141307778143,0.024002224892936352,7,49
Variable,12,8,0.25,0.25,875.8976838588715,40.98518035193346,41.006392208581154,0.051728170914916785,12,138
Variable,12,9,0.25,0.25,3113.7917850017548,34.233652422258515,34.244880298578614,0.032787021657555794,13,76
Variable,12,10,0.25,0.25,3301.205118894577,42.738264843064414,42.7485817019209,0.024133803849732304,15,117
Variable,12,1,0.5,0.5,3230.1809861660004,34.260186814479034,34.27705284166053,0.04920500971715344,17,64
Variable,12,2,0.5,0.5,1072.9153320789337,45.46397174183326,45.49884165051884,0.07663911304252112,17,74
Variable,12,3,0.5,0.5,2022.3298590183258,32.08853484643698,32.10144712033177,0.04022333898652566,14,55
Variable,12,4,0.5,0.5,2793.250829935074,33.24140043402973,33.25263244818908,0.033777819475961375,11,52
Variable,12,5,0.5,0.5,1326.4441769123077,36.33228084895386,36.37924664044042,0.12910050598561532,49,133
Variable,12,6,0.5,0.5,1940.112116098404,34.32299531412812,34.335723651112176,0.037070245303077454,5,26
Variable,12,7,0.5,0.5,824.8918311595917,33.13746498297417,33.16368875276955,0.07907374234173314,9,32
Variable,12,8,0.5,0.5,1008.1999900341034,38.953770809210496,38.976492922844066,0.058296968068803905,18,90
Variable,12,9,0.5,0.5,1310.469738960266,33.06132999515473,33.096799073742694,0.1071677007463383,14,48
Variable,12,10,0.5,0.5,3429.711566925049,39.98996768502119,40.011185469990835,0.05302963338978511,21,110
Variable,12,1,1.0,1.0,3051.8503909111023,32.812603737984126,32.83145704825238,0.057424531115225365,5,8
Variable,12,2,1.0,1.0,823.7182250022888,41.2427805907039,41.28423665854599,0.10041621499500258,17,34
Variable,12,3,1.0,1.0,2128.971354007721,26.83176073048018,26.890119017237545,0.21702502216503716,23,51
Variable,12,4,1.0,1.0,2805.3113157749176,30.90532291402871,30.92659539350556,0.06878377398541496,6,13
Variable,12,5,1.0,1.0,2564.805886030197,34.18419861753031,34.23514328602629,0.1488081065423021,41,96
Variable,12,6,1.0,1.0,779.1532089710236,31.774438001372417,31.813237714316493,0.1219609059992524,7,19
Variable,12,7,1.0,1.0,983.6335778236389,32.746956043978386,32.783033677596904,0.11004971038776308,8,19
Variable,12,8,1.0,1.0,1380.9661009311676,32.940890389937266,32.99585901296521,0.16659248970104756,22,51
Variable,12,9,1.0,1.0,1106.4588119983673,29.50225601888013,29.563700250614897,0.20783674307985217,15,41
Variable,12,10,1.0,1.0,937.9400069713593,37.80149694439619,37.83319608354156,0.08378657482537377,25,59
Variable,14,1,0.25,0.25,919.1896090507507,39.61348518764761,39.630640486154235,0.043287966826113584,33,148
Variable,14,2,0.25,0.25,1481.7355670928955,39.763736529189856,39.7771350138805,0.033683885694562224,28,244
Variable,14,3,0.25,0.25,2117.278259038925,36.09252951608106,36.102883047027035,0.02867785083116741,11,53
Variable,14,4,0.25,0.25,2819.9214220046997,40.12623687578781,40.135410409795234,0.022856459953340524,25,180
Variable,14,5,0.25,0.25,2826.5846750736237,36.49640961536028,36.5058402816203,0.025833308279637892,7,60
Variable,14,6,0.25,0.25,2485.4937977790833,36.82961742749041,36.83835312695853,0.0237135993512312,7,44
Variable,14,7,0.25,0.25,3459.3163759708405,42.32297958157016,42.33555122982074,0.029695251119637365,22,196
Variable,14,8,0.25,0.25,1322.5613360404968,37.28342770589456,37.30468322324139,0.05697814727344414,34,212
Variable,14,9,0.25,0.25,1969.7621109485626,37.45885295095601,37.469918956237635,0.029533037673637647,7,75
Variable,14,10,0.25,0.25,1223.9907290935516,37.88910045317453,37.90099098245053,0.031372607860062546,23,148
Variable,14,1,0.5,0.5,841.8926200866699,36.838721518318174,36.88184464323366,0.11692236473698299,27,70
Variable,14,2,0.5,0.5,2315.970048904419,36.05127786914945,36.07549446312069,0.06712754553092957,28,137
Variable,14,3,0.5,0.5,2246.391170978546,33.82391804221861,33.84080686987999,0.04990669320126252,12,68
Variable,14,4,0.5,0.5,960.201642036438,38.602196971388324,38.61927215083951,0.044214141023918276,53,201
Variable,14,5,0.5,0.5,3084.9292118549347,35.26312474636784,35.27804783296941,0.04230133898629003,12,43
Variable,14,6,0.5,0.5,3325.0332651138306,35.131463276010344,35.14590109583371,0.04107966896053035,10,44
Variable,14,7,0.5,0.5,3433.6000561714172,40.295984925983944,40.3144237181795,0.04573745695697119,29,152
Variable,14,8,0.5,0.5,2676.9683299064636,35.203622937478215,35.241860374039014,0.10850005123159272,41,169
Variable,14,9,0.5,0.5,2017.9029531478882,35.93086505546124,35.96683865791357,0.10001880564060918,14,86
Variable,14,10,0.5,0.5,2797.7603809833527,34.82254298349135,34.84157544932519,0.05462573258640332,25,97
Variable,14,1,1.0,1.0,3337.6838779449463,33.99112988902271,34.02075446632788,0.08707795511851998,10,26
Variable,14,2,1.0,1.0,2163.864828109741,33.546873126254695,33.60159565665377,0.1628569397663101,23,72
Variable,14,3,1.0,1.0,1080.2325930595398,33.52106157638193,33.55016738666167,0.08675310004953753,3,19
Variable,14,4,1.0,1.0,1031.2300100326538,32.003115034754664,32.066065108568765,0.19631368426704401,75,138
Variable,14,5,1.0,1.0,2573.111696958542,31.990947420947656,32.015915487198974,0.07798641978956246,6,26
Variable,14,6,1.0,1.0,3434.7286520004272,31.47632250692639,31.50471044411141,0.09010696110151294,11,26
Variable,14,7,1.0,1.0,3466.2093579769135,35.686832025156114,35.718453930865564,0.08853100352735148,19,60
Variable,14,8,1.0,1.0,1528.734869003296,28.219350383050564,28.285537714508017,0.23399707697090896,30,47
Variable,14,9,1.0,1.0,2876.4557480812073,31.180442454109194,31.215512061260707,0.1123467303137257,11,30
Variable,14,10,1.0,1.0,1904.3823912143707,31.183859939182607,31.21535443393716,0.10089424043288608,28,60
Variable,16,1,0.25,0.25,1502.454933166504,47.18251945410274,47.206861268872174,0.05156414579396416,32,161
Variable,16,2,0.25,0.25,1045.2842350006104,35.988401397462354,36.01680236014587,0.07885475895255978,40,224
Variable,16,3,0.25,0.25,3520.0093088150024,41.42855078924028,41.4396878711382,0.026875400057418588,32,243
Variable,16,4,0.25,0.25,1487.247328042984,39.79109871099878,39.81525193721641,0.06066325099666429,57,357
Variable,16,5,0.25,0.25,3015.0898821353912,39.17816742920806,39.18840493181366,0.02612380530264232,26,221
Variable,16,6,0.25,0.25,3595.378264904022,43.493258805981064,43.5025176802719,0.021283536642374607,55,550
Variable,16,7,0.25,0.25,999.8585500717163,40.01556099845894,40.040521203742905,0.06233736358465401,27,193
Variable,16,8,0.25,0.25,2566.0032601356506,38.84733440616609,38.85941409838236,0.03108562621578772,12,128
Variable,16,9,0.25,0.25,931.9171669483185,36.22050000201479,36.23563399187374,0.04176548935875282,16,102
Variable,16,10,0.25,0.25,1068.3532619476318,38.21617382529723,38.238460286413925,0.05828284128012075,30,247
Variable,16,1,0.5,0.5,3591.2985360622406,45.13895277422726,45.15095746626643,0.026587901370949095,29,105
Variable,16,2,0.5,0.5,3409.8933939933777,32.36504229338471,32.3907299499702,0.07930558102631825,42,136
Variable,16,3,0.5,0.5,1753.3523969650269,39.854915307385205,39.89590160045352,0.10273309143074683,63,316
Variable,16,4,0.5,0.5,2604.6334850788116,36.45756302255093,36.48441289723432,0.07359272782878758,54,231
Variable,16,5,0.5,0.5,2908.5140030384064,35.6288839736926,35.65155405643425,0.06358792299982934,27,107
Variable,16,6,0.5,0.5,1837.9724020957947,41.12070740739226,41.16247000110207,0.1014579390126349,93,433
Variable,16,7,0.5,0.5,3132.4785120487213,36.304439553409004,36.32962574872549,0.06932687798846876,31,120
Variable,16,8,0.5,0.5,1801.3570039272308,36.30739542797187,36.32918636282001,0.05998189618263123,13,100
Variable,16,9,0.5,0.5,2406.4158589839935,33.64896368169195,33.65921230091447,0.030448184975015898,15,44
Variable,16,10,0.5,0.5,2842.9465630054474,35.32629992520981,35.34560735743547,0.0546247006888612,29,181
Variable,16,1,1.0,1.0,2332.4754440784454,39.969485041816554,39.99811453056596,0.07157709578416271,21,52
Variable,16,2,1.0,1.0,839.7306830883026,28.52635648812887,28.590322756070506,0.22373398330403851,15,34
Variable,16,3,1.0,1.0,2276.9887640476227,35.12295182880674,35.16551658083481,0.12104116807221395,123,308
Variable,16,4,1.0,1.0,3288.554272890091,33.31151233644908,33.340215291034205,0.08609108949829436,8,26
Variable,16,5,1.0,1.0,2113.0157289505005,32.198790125569325,32.23317541407693,0.10667670208064782,18,58
Variable,16,6,1.0,1.0,2236.665643930435,34.455746487642344,34.49168599584692,0.1041975976729735,19,43
Variable,16,7,1.0,1.0,1711.69642496109,33.1643538878693,33.21715726123157,0.15896415502087946,80,206
Variable,16,8,1.0,1.0,2758.416296005249,33.57691168863094,33.60735300458162,0.0905793322863753,11,42
Variable,16,9,1.0,1.0,3595.489770889282,30.283303383633708,30.304799914073715,0.07093440808373173,20,37
Variable,16,10,1.0,1.0,2544.1648819446564,31.838974312435457,31.862486550862133,0.07379285477027449,13,32
Variable,18,1,0.25,0.25,961.2957530021667,47.601374774334246,47.61673138244794,0.032250445731670206,32,173
Variable,18,2,0.25,0.25,3354.902843952179,41.149750422708074,41.164053167257784,0.03474571488768316,39,234
Variable,18,3,0.25,0.25,3557.2107288837433,42.1562342450391,42.16504015335292,0.02088438261126008,181,1005
Variable,18,4,0.25,0.25,1054.469022989273,44.60448854647872,44.63262966735153,0.06305055535052917,13,148
Variable,18,5,0.25,0.25,2682.9566049575806,40.9270568599773,40.93716390503562,0.02468916772487049,18,176
Variable,18,6,0.25,0.25,1177.1196730136871,40.659809681036705,40.67255979623018,0.03134819951671285,177,1283
Variable,18,7,0.25,0.25,2018.3824970722198,38.85524037703277,38.86657579225076,0.029164944394832085,7,91
Variable,18,8,0.25,0.25,1118.4920217990875,36.445652969989645,36.459874546398744,0.039006103520737065,19,127
Variable,18,9,0.25,0.25,1528.2328329086304,37.548211588864746,37.563330118178506,0.04024810704001884,29,247
Variable,18,10,0.25,0.25,1746.325227022171,44.65031565177455,44.67146096036574,0.04733516239810259,53,356
Variable,18,1,0.5,0.5,1498.4646689891815,45.120739017894124,45.145299929794085,0.05440413938584069,51,157
Variable,18,2,0.5,0.5,3266.221851825714,38.43979476458357,38.4749022972188,0.09124787988810028,100,450
Variable,18,3,0.5,0.5,2272.734894990921,39.53587896216247,39.566047349949265,0.0762481718731328,333,1168
Variable,18,4,0.5,0.5,2887.312336921692,41.647502458877184,41.66259143679399,0.03621708923146403,20,110
Variable,18,5,0.5,0.5,2862.67075920105,38.55292678787748,38.57453808330278,0.05602476788866468,19,92
Variable,18,6,0.5,0.5,2599.24844789505,39.23425510428424,39.256866125446976,0.05759762149755952,254,1097
Variable,18,7,0.5,0.5,1464.9431309700012,36.409762483431564,36.447994074641954,0.10489353990811115,22,99
Variable,18,8,0.5,0.5,2522.1438369750977,34.0114018666781,34.0270296640286,0.04592759786795297,18,69
Variable,18,9,0.5,0.5,1575.7827141284943,35.05857061303388,35.08892843918764,0.08651682312377777,120,516
Variable,18,10,0.5,0.5,3339.088726043701,41.193709985956964,41.220861137587896,0.06586750223462345,41,261
Variable,18,1,1.0,1.0,3586.8276069164276,40.175249384375775,40.215338665830004,0.09968654444850354,110,178
Variable,18,2,1.0,1.0,2329.6188881397247,33.11825983232643,33.166585758831026,0.1457066665106718,87,217
Variable,18,3,1.0,1.0,3516.2036561965942,33.52585926988782,33.630281413733826,0.3105003569888799,296,531
Variable,18,4,1.0,1.0,1653.8101859092712,37.05103820157582,37.0822773651047,0.08424283983776369,25,70
Variable,18,5,1.0,1.0,1427.4076180458069,33.25022523249531,33.297357669263604,0.14155008104982852,56,148
Variable,18,6,1.0,1.0,3450.8733189105988,31.171364127568147,31.370241163483968,0.6339671884554098,135,280
Variable,18,7,1.0,1.0,1507.546406030655,33.788720390499236,33.83291438864793,0.13062427209499006,19,53
Variable,18,8,1.0,1.0,2778.2935738563538,30.797397954852443,30.82877005126312,0.1017624003763733,15,30
Variable,18,9,1.0,1.0,3105.2652530670166,32.44954310774013,32.48347020534226,0.10444419080737348,43,132
Variable,18,10,1.0,1.0,1213.603362083435,37.327935181517304,37.38966084035151,0.16508750667133784,10,49
Variable,20,1,0.25,0.25,1182.187999010086,48.825019904401024,48.84992936216913,0.050991798951083314,46,291
Variable,20,2,0.25,0.25,1391.9631221294403,40.081358066431,40.099105647954715,0.04425929515617439,64,427
Variable,20,3,0.25,0.25,3113.47802901268,53.378398532969875,53.410233628295,0.05960486064652429,739,5144
Variable,20,4,0.25,0.25,3478.9592850208282,41.22828715103124,41.24013041508302,0.028717814256601637,38,362
Variable,20,5,0.25,0.25,1177.116811990738,45.32452641542643,45.34130428095678,0.037003491179653424,82,532
Variable,20,6,0.25,0.25,1118.9298450946808,45.18083560736832,45.19722654801888,0.03626536825914605,52,435
Variable,20,7,0.25,0.25,1326.2079548835754,41.20919874823912,41.22576269035527,0.04017861898774576,50,312
Variable,20,8,0.25,0.25,1868.8139560222626,41.03166356379369,41.052047930386564,0.049654932264129856,85,626
Variable,20,9,0.25,0.25,2563.00976395607,45.59983082981238,45.619342580043494,0.042770783460711635,91,679
Variable,20,10,0.25,0.25,2346.4994900226593,48.12148146368215,48.14205946644098,0.04274433413713095,170,1401
Variable,20,1,0.5,0.5,987.9289588928223,45.82878806359295,45.85795662120926,0.06360631778088986,40,154
Variable,20,2,0.5,0.5,2669.0454699993134,36.274119388541315,36.316755268800804,0.11740002636225852,63,263
Variable,20,3,0.5,0.5,2981.261220932007,47.675594284308154,47.709311882352694,0.07067299173730343,404,1363
Variable,20,4,0.5,0.5,1198.6432230472565,38.93458403749834,38.96691122698556,0.08296061573602954,47,243
Variable,20,5,0.5,0.5,1858.8581109046936,42.26038082232776,42.3063705883786,0.10870647945269668,93,371
Variable,20,6,0.5,0.5,3150.850737094879,41.54448143715273,41.57014932676662,0.06174596442298032,51,181
Variable,20,7,0.5,0.5,1029.6512200832367,38.30168786419637,38.33527848004598,0.08762324725799475,64,266
Variable,20,8,0.5,0.5,1377.4448931217194,37.965852826177034,37.99629570332172,0.08012064487124501,82,394
Variable,20,9,0.5,0.5,1667.8550779819489,41.22529258832264,41.26682512316314,0.10064388214150947,39,202
Variable,20,10,0.5,0.5,3120.4035170078278,42.507017577337834,42.54769176961063,0.0955967070858759,154,686
Variable,20,1,1.0,1.0,1734.6233611106873,40.29065631391655,40.38307950252378,0.22886612349969915,41,106
Variable,20,2,1.0,1.0,1266.1858320236206,32.65480823294901,32.70866276319083,0.16464913479259505,38,115
Variable,20,3,1.0,1.0,3572.5200510025024,40.691109550505814,41.11567711415445,1.0326172240088816,553,944
Variable,20,4,1.0,1.0,908.552081823349,34.758967563725555,34.813624144738284,0.1569976765001349,14,53
Variable,20,5,1.0,1.0,2087.577863931656,37.35233373628759,37.419926033224755,0.1806318293551665,93,259
Variable,20,6,1.0,1.0,1838.2052788734436,35.33529092858998,35.385764099575994,0.14263693965738458,101,226
Variable,20,7,1.0,1.0,2597.190756082535,33.7827026103956,33.8175420658001,0.10302184391966136,51,98
Variable,20,8,1.0,1.0,3424.2579729557037,34.600222801145435,34.67235892520289,0.20805081134823866,170,415
Variable,20,9,1.0,1.0,1291.781517982483,37.63062173732145,37.70539347043458,0.1983051394802735,89,183
Variable,20,10,1.0,1.0,2343.308161020279,35.75806705700229,35.788799214079916,0.08587088070150142,33,83
Variable,25,1,0.25,0.25,3599.064439058304,48.3501434609716,48.594658887646666,0.5031734603599072,1709,10822
Variable,25,2,0.25,0.25,3148.274977207184,51.63175372442397,51.65375431307683,0.04259242904109395,461,3782
Variable,25,3,0.25,0.25,3598.6946098804474,49.69544729710942,50.11343798580181,0.834089029794398,2125,14638
Variable,25,4,0.25,0.25,3349.119701862335,52.52797328806345,52.569886009685206,0.07972762507804239,430,3017
Variable,25,5,0.25,0.25,3599.7148098945618,49.21165720704196,51.27826436935724,4.030181574457184,2875,19147
Variable,25,6,0.25,0.25,3591.4204449653625,50.92341790836983,51.094930252275034,0.335673897700584,1855,11271
Variable,25,7,0.25,0.25,3599.2062559127808,51.86740050684307,53.838074103573206,3.6603716413387533,4001,22816
Variable,25,8,0.25,0.25,3569.4357340335846,52.648497443601784,52.66939605644874,0.03967885415765532,867,6712
Variable,25,9,0.25,0.25,3599.641279935837,47.80031823378509,47.899564124948036,0.20719581268851847,1346,9155
Variable,25,10,0.25,0.25,3599.668846130371,49.86904128049337,50.44633337963304,1.1443687984124966,2167,14510
Variable,25,1,0.5,0.5,3263.061383008957,43.764781583932354,43.84480937916216,0.18252512979982868,536,2089
Variable,25,2,0.5,0.5,2702.6441099643707,46.42358358211545,46.49286021040309,0.14900487510152802,763,2794
Variable,25,3,0.5,0.5,3594.3065588474274,44.66897765241862,44.879312621217906,0.46866798200435433,1552,5203
Variable,25,4,0.5,0.5,2335.0975790023804,48.20494858562304,48.241955746667784,0.07671156874127621,271,1020
Variable,25,5,0.5,0.5,3599.933037996292,43.07810061918417,45.06949552483413,4.418498326773297,2752,7463
Variable,25,6,0.5,0.5,3599.073660850525,46.36574239970629,46.9328115562585,1.2082573742092144,2024,6284
Variable,25,7,0.5,0.5,3599.712651014328,47.8235930428435,50.874963925600014,5.9977848578307915,5073,16961
Variable,25,8,0.5,0.5,3482.484311103821,48.725445504994404,48.76016315713027,0.0712008530898257,510,2344
Variable,25,9,0.5,0.5,2994.509843111038,44.44951829231916,44.51738612239355,0.15245241463144127,685,3288
Variable,25,10,0.5,0.5,3599.943838119507,42.19525174759876,47.109245384185385,10.431059968190992,5146,13454
Variable,25,1,1.0,1.0,3508.769816160202,37.3834146914114,37.432644383512084,0.13151540029153092,159,365
Variable,25,2,1.0,1.0,3588.3085219860077,39.28002800798167,39.52188744051852,0.6119632644084968,364,982
Variable,25,3,1.0,1.0,3598.698725938797,36.693947366862666,37.437811437276665,1.9869325739306873,818,1956
Variable,25,4,1.0,1.0,1369.8139231204987,39.28700224826958,39.35019751737462,0.16059708233264683,53,126
Variable,25,5,1.0,1.0,3374.201864004135,38.379531131206726,38.47873987788791,0.25782743144922043,118,344
Variable,25,6,1.0,1.0,3399.1193878650665,39.26467064507419,39.31930347608426,0.1389465890292227,368,704
Variable,25,7,1.0,1.0,3460.7872500419617,44.03585432524302,44.19299138674219,0.3555700950950144,468,951
Variable,25,8,1.0,1.0,2399.4540009498596,40.01459702583369,40.07855726715216,0.15958718496810023,162,428
Variable,25,9,1.0,1.0,2817.659162044525,35.729247790947475,35.790892545007274,0.17223586693816084,85,185
Variable,25,10,1.0,1.0,3582.583795070648,41.58659275089572,42.18481861275623,1.4181069909344495,1194,2629
Variable,30,1,0.25,0.25,3598.279878139496,53.26310436791874,56.076815920685625,5.017602206135531,3336,18647
Variable,30,2,0.25,0.25,3598.920622110367,49.62657171908516,49.67759876425906,0.1027164082870445,1098,7497
Variable,30,3,0.25,0.25,3392.5816509723663,51.99181626515549,52.08600868497767,0.18084015688716962,1362,9288
Variable,30,4,0.25,0.25,3599.878643989563,53.25129769920762,54.70508904554428,2.6575065897915193,2131,16250
Variable,30,5,0.25,0.25,3591.9299731254578,51.969514824930314,52.208885218253876,0.4584859307432021,1498,10357
Variable,30,6,0.25,0.25,3597.997570991516,52.932398665810325,56.84916072868217,6.889744743224886,5853,21875
Variable,30,7,0.25,0.25,3599.182193040848,52.089879871431606,55.681588566635874,6.450442215573572,5313,21176
Variable,30,8,0.25,0.25,3599.979919910431,56.690027470363155,57.50802358050122,1.4224034477432688,2483,16945
Variable,30,9,0.25,0.25,3531.1580159664154,54.13033230974595,54.15312964740684,0.04209791347115938,790,5288
Variable,30,10,0.25,0.25,3598.761515855789,51.77562157139131,53.481981581204494,3.190532510883737,3041,18540
Variable,30,1,0.5,0.5,3393.9081540107727,50.56936935725017,50.65011101180064,0.15941061714881682,1192,4512
Variable,30,2,0.5,0.5,3317.6902458667755,44.33527104625455,44.49706271166898,0.3636007762193375,742,2847
Variable,30,3,0.5,0.5,3595.54577088356,46.138643939063165,46.60138585422859,0.9929788710853,1415,4319
Variable,30,4,0.5,0.5,3538.103368997574,48.77164067414199,48.89679502101974,0.2559561354153141,588,2234
Variable,30,5,0.5,0.5,3577.354637145996,47.17473888177681,47.42810700045625,0.5342151199013747,995,4325
Variable,30,6,0.5,0.5,3599.6397190093994,47.855768753303124,51.25134296203284,6.625337039938964,5043,16065
Variable,30,7,0.5,0.5,3598.2485880851746,42.6378129558683,49.7370472884283,14.27353395425967,4913,11881
Variable,30,8,0.5,0.5,3362.3365700244904,52.49308560432184,52.66204468368021,0.3208365348767517,1127,4195
Variable,30,9,0.5,0.5,2612.877140045166,49.94900182883129,50.02461337202676,0.1511486808166822,606,2459
Variable,30,10,0.5,0.5,3598.2393369674683,45.65851179190987,47.603504167488936,4.085817650599354,3508,9090
Variable,30,1,1.0,1.0,3395.0847718715668,41.07926743637532,41.353052830283055,0.6620681549954213,650,1150
Variable,30,2,1.0,1.0,3429.291676044464,38.445856627135356,38.51972239378758,0.19176090081100575,201,489
Variable,30,3,1.0,1.0,3015.3871569633484,40.7886266969357,41.7889364648763,2.3937191337266084,534,1418
Variable,30,4,1.0,1.0,2893.453444957733,44.14372812847778,44.185491810911266,0.09451899418073303,730,1433
Variable,30,5,1.0,1.0,2445.2617201805115,39.84628558664414,39.90866422169556,0.1563034901516591,154,378
Variable,30,6,1.0,1.0,3598.67155790329,39.967382702097126,40.13047595598241,0.4064074746189824,731,1473
Variable,30,7,1.0,1.0,3595.9776549339294,32.54816459890321,45.48199289971287,28.437250604494313,7340,9099
Variable,30,8,1.0,1.0,3212.3592870235443,46.86225710204997,46.96251093306382,0.21347630061079498,149,354
Variable,30,9,1.0,1.0,3594.120934009552,43.62903604242119,44.039154015704085,0.9312576102997991,707,1749
Variable,30,10,1.0,1.0,3598.929871082306,36.34002569793291,37.93151524219246,4.195691983560115,1029,1954
