TIME,LB,UB,OPEN,GAP,TREE
0.11747407913208008,0.0,59.5596550371036,1,100.0,1
0.11752009391784668,32.39194668490823,59.5596550371036,1,45.6142809008394,1
0.2622950077056885,32.39194668490823,55.72629755455416,2,41.873140498527455,3
0.43210911750793457,32.39194668490823,55.72629755455416,4,41.873140498527455,4
0.610788106918335,32.39194668490823,53.43364443049086,4,39.37911772601384,6
0.8666510581970215,32.39194668490823,53.43364443049086,7,39.37911772601384,8
1.2644550800323486,32.39194668490823,48.921259890819776,8,33.787586915792666,11
1.5104451179504395,32.39194668490823,48.921259890819776,11,33.787586915792666,13
2.1599769592285156,32.39194668490823,48.921259890819776,16,33.787586915792666,19
3.1192750930786133,32.84358401955939,48.921259890819776,21,32.864394553905214,25
4.260234117507935,32.94037451040231,48.921259890819776,25,32.66654500739122,32
5.690126180648804,32.94037451040231,48.921259890819776,32,32.66654500739122,40
7.546385049819946,32.94037451040231,48.921259890819776,39,32.66654500739122,49
10.0885910987854,32.94037451040231,48.921259890819776,48,32.66654500739122,59
12.08384895324707,32.94037451040231,48.921259890819776,58,32.66654500739122,70
14.209434986114502,32.94037451040231,48.921259890819776,69,32.66654500739122,82
16.765153169631958,32.94037451040231,48.921259890819776,80,32.66654500739122,95
19.65287494659424,32.94037451040231,48.921259890819776,93,32.66654500739122,109
19.98374605178833,32.94037451040231,47.268906759762835,92,30.312806518211126,109
19.983872175216675,32.94037451040231,47.268906759762835,90,30.312806518211126,109
20.17890501022339,32.94037451040231,46.32682615972575,89,28.895680449097895,110
23.481845140457153,32.94037451040231,46.32682615972575,102,28.895680449097895,124
27.367979049682617,32.94037451040231,46.32682615972575,117,28.895680449097895,140
27.831604957580566,32.94037451040231,40.66287515235146,116,18.99152633210339,140
27.83177399635315,32.94037451040231,40.66287515235146,91,18.99152633210339,140
28.28010106086731,32.94037451040231,40.66287515235146,91,18.99152633210339,140
28.70536518096924,32.94037451040231,40.66287515235146,91,18.99152633210339,140
29.262643098831177,32.94037451040231,40.66287515235146,91,18.99152633210339,140
29.909605026245117,32.94037451040231,40.66287515235146,91,18.99152633210339,140
30.44782304763794,32.94037451040231,40.66287515235146,91,18.99152633210339,140
30.812517166137695,32.94037451040231,40.66287515235146,91,18.99152633210339,140
31.064802169799805,32.94037451040231,40.66287515235146,91,18.99152633210339,140
31.529737949371338,32.94037451040231,40.66287515235146,91,18.99152633210339,140
31.856966972351074,32.94037451040231,40.66287515235146,91,18.99152633210339,140
32.35066509246826,32.94037451040231,40.66287515235146,91,18.99152633210339,140
32.68979811668396,32.94037451040231,40.66287515235146,91,18.99152633210339,140
33.084800004959106,32.94037451040231,40.66287515235146,91,18.99152633210339,140
33.71943116188049,32.94037451040231,40.66287515235146,91,18.99152633210339,140
34.07717204093933,32.94037451040231,40.66287515235146,91,18.99152633210339,140
35.92599105834961,32.94037451040231,40.66287515235146,96,18.99152633210339,149
37.712088108062744,32.94037451040231,40.66287515235146,104,18.99152633210339,159
39.83892297744751,32.94037451040231,40.66287515235146,108,18.99152633210339,170
42.161386013031006,32.94037451040231,40.66287515235146,116,18.99152633210339,182
42.5167281627655,32.94037451040231,40.66287515235146,116,18.99152633210339,182
45.53623700141907,32.94037451040231,40.66287515235146,127,18.99152633210339,195
45.94973397254944,32.94037451040231,40.66287515235146,127,18.99152633210339,195
46.368350982666016,32.94037451040231,40.66287515235146,127,18.99152633210339,195
46.72720003128052,32.94037451040231,40.66287515235146,127,18.99152633210339,195
47.16582417488098,32.94037451040231,40.66287515235146,127,18.99152633210339,195
47.42793011665344,32.94037451040231,40.66287515235146,127,18.99152633210339,195
48.11366295814514,32.94037451040231,40.66287515235146,127,18.99152633210339,195
48.44972515106201,32.94037451040231,40.66287515235146,127,18.99152633210339,195
49.66871094703674,32.94037451040231,39.655945688779624,126,16.934588399634208,195
49.66890096664429,32.94037451040231,39.655945688779624,116,16.934588399634208,195
50.10245394706726,32.94037451040231,39.655945688779624,116,16.934588399634208,195
50.68005013465881,32.94037451040231,39.655945688779624,116,16.934588399634208,195
51.1719491481781,32.94037451040231,39.655945688779624,116,16.934588399634208,195
52.229329109191895,33.120485502527075,39.655945688779624,116,16.480404319551287,195
53.137397050857544,33.18721874902952,39.655945688779624,117,16.31212376201228,202
54.215760946273804,33.18721874902952,39.655945688779624,118,16.31212376201228,210
55.37266397476196,33.18721874902952,39.655945688779624,123,16.31212376201228,219
57.21140503883362,33.18721874902952,39.655945688779624,128,16.31212376201228,229
59.41400504112244,33.18721874902952,39.655945688779624,134,16.31212376201228,240
61.965075969696045,33.18721874902952,39.655945688779624,144,16.31212376201228,252
62.357309103012085,33.18721874902952,39.655945688779624,144,16.31212376201228,252
62.80580496788025,33.18721874902952,39.655945688779624,144,16.31212376201228,252
63.23780012130737,33.18721874902952,39.655945688779624,144,16.31212376201228,252
63.53998112678528,33.18721874902952,39.655945688779624,144,16.31212376201228,252
65.23961114883423,33.18721874902952,39.655945688779624,150,16.31212376201228,262
67.28565907478333,33.18721874902952,39.655945688779624,159,16.31212376201228,273
69.96114706993103,33.18721874902952,39.655945688779624,165,16.31212376201228,285
70.44656014442444,33.18721874902952,39.655945688779624,165,16.31212376201228,285
73.52029204368591,33.18721874902952,39.655945688779624,171,16.31212376201228,298
76.52592015266418,33.18721874902952,39.655945688779624,180,16.31212376201228,312
80.29878616333008,33.18721874902952,39.655945688779624,191,16.31212376201228,327
80.80651617050171,33.18721874902952,39.655945688779624,191,16.31212376201228,327
81.39356803894043,33.18721874902952,39.655945688779624,191,16.31212376201228,327
81.91379904747009,33.18721874902952,39.655945688779624,191,16.31212376201228,327
82.3681480884552,33.18721874902952,39.655945688779624,191,16.31212376201228,327
82.97930407524109,33.18721874902952,39.655945688779624,191,16.31212376201228,327
83.41466403007507,33.18721874902952,39.655945688779624,191,16.31212376201228,327
83.88632202148438,33.18721874902952,39.655945688779624,191,16.31212376201228,327
84.33404612541199,33.18721874902952,39.655945688779624,191,16.31212376201228,327
84.73675799369812,33.18721874902952,39.655945688779624,191,16.31212376201228,327
85.17243003845215,33.18721874902952,39.655945688779624,191,16.31212376201228,327
85.50542211532593,33.18721874902952,39.655945688779624,191,16.31212376201228,327
85.80364608764648,33.18721874902952,39.655945688779624,191,16.31212376201228,327
86.1165840625763,33.18721874902952,39.655945688779624,191,16.31212376201228,327
86.67818212509155,33.18721874902952,39.655945688779624,191,16.31212376201228,327
86.91157913208008,33.18721874902952,39.655945688779624,191,16.31212376201228,327
87.27454113960266,33.18721874902952,39.655945688779624,191,16.31212376201228,327
88.26054215431213,33.25695228957807,39.655945688779624,191,16.13627739310756,327
88.99141216278076,33.31891178542111,39.655945688779624,191,15.98003475466615,327
89.6467490196228,33.329109908132295,39.655945688779624,191,15.954318251039625,327
89.92862010002136,33.32936541569847,39.655945688779624,191,15.95367394017593,327
91.10909414291382,33.35883775522827,39.655945688779624,191,15.879353837558527,327
92.44454407691956,33.38443799411137,39.655945688779624,190,15.81479797225648,327
92.71848106384277,33.39957127876159,39.655945688779624,190,15.776636520329488,327
93.51130294799805,33.46042564723981,39.655945688779624,190,15.623180670465754,327
94.14124608039856,33.497471586488544,39.655945688779624,192,15.529762297494717,332
94.92071914672852,33.52733182014511,39.655945688779624,195,15.454464046153275,339
95.67968797683716,33.528618628735465,39.655945688779624,195,15.451219113853698,339
96.09165501594543,33.57612822185601,39.655945688779624,195,15.331414649994986,339
96.43409705162048,33.61098946248177,39.655945688779624,195,15.243505409601754,339
96.68052315711975,33.64247039029764,39.655945688779624,195,15.16412027007455,339
97.09339213371277,33.71984769616533,39.655945688779624,195,14.968998694926777,339
97.64703607559204,33.73062869934111,39.655945688779624,195,14.941812347486247,339
98.24317908287048,33.73715231569458,39.655945688779624,195,14.925361809640883,339
98.57510209083557,33.76376982592096,39.655945688779624,195,14.858240701408402,339
99.1146891117096,33.77887287253849,39.655945688779624,195,14.820155500424766,339
100.25466513633728,33.78145579016545,39.655945688779624,195,14.813642182983719,339
101.65889596939087,33.785702396738444,39.655945688779624,195,14.802933557834999,339
102.22452807426453,33.80050679309103,39.655945688779624,195,14.765601460225291,339
103.22870111465454,33.817259878747834,39.655945688779624,195,14.72335537236679,339
104.65805006027222,33.880103614169286,39.655945688779624,195,14.564882955860444,339
105.19565010070801,33.880868264249145,39.655945688779624,195,14.562954745433036,339
106.48962211608887,33.931467516630256,39.655945688779624,194,14.435359118844742,339
106.86600613594055,33.96821572209026,39.655945688779624,194,14.342691538178778,339
107.295823097229,33.974499475184736,39.655945688779624,194,14.326845861104795,339
111.85554099082947,33.98391312859523,39.655945688779624,198,14.303107545835816,352
112.19026517868042,33.98391312859523,39.655945688779624,198,14.303107545835816,352
112.52969908714294,33.98391312859523,39.655945688779624,198,14.303107545835816,352
113.63642907142639,33.98391312859523,39.655945688779624,198,14.303107545835816,352
114.7118661403656,33.98610634620222,39.655945688779624,198,14.297576931021586,352
115.21573901176453,34.0018405353451,39.655945688779624,198,14.25790018427,352
115.7153890132904,34.01119343868256,39.655945688779624,198,14.234315061850126,352
116.87375211715698,34.06043198010063,39.655945688779624,198,14.110150726432444,352
117.0555031299591,34.06051270128789,39.655945688779624,198,14.10994717262517,352
117.41546702384949,34.06450775498396,39.655945688779624,198,14.099872885839982,352
118.4235589504242,34.08284557539961,39.655945688779624,198,14.053630588254725,352
118.72256016731262,34.09898333625304,39.655945688779624,198,14.012936158773503,352
119.0157060623169,34.11018096152608,39.655945688779624,198,13.984699219574221,352
119.71977210044861,34.11032578426949,39.655945688779624,198,13.984334021516545,352
121.20746612548828,34.14285702426885,39.655945688779624,198,13.902300320303961,352
121.7188081741333,34.152462801206745,39.655945688779624,198,13.878077529065337,352
122.24282908439636,34.1908702793801,39.655945688779624,198,13.781225777061296,352
122.74704599380493,34.19200268861396,39.655945688779624,198,13.778370192068445,352
123.26837301254272,34.24161848542452,39.655945688779624,198,13.653254535516105,352
125.78791904449463,34.25338713220193,39.655945688779624,198,13.623577657123711,352
127.34544205665588,34.29901136128973,39.655945688779624,198,13.508527496812672,352
127.7845470905304,34.30715313925846,39.655945688779624,199,13.487996457072432,357
128.15224695205688,34.38801345140734,39.655945688779624,199,13.284091819963356,357
128.33947610855103,34.39548416686782,39.655945688779624,199,13.265252991811058,357
128.60167717933655,34.41791955336601,39.655945688779624,199,13.208677902985114,357
129.27699995040894,34.42165595816921,39.655945688779624,199,13.199255848515598,357
129.53689098358154,34.443157426246415,39.655945688779624,199,13.145035812393024,357
129.73590898513794,34.44408562661792,39.655945688779624,199,13.142695178837622,357
130.13516211509705,34.54882506895801,39.655945688779624,199,12.878574778930663,357
131.05374097824097,34.55381186726298,39.655945688779624,199,12.865999619724763,357
132.37837100028992,34.56677606035356,39.655945688779624,199,12.833307944200682,357
132.77318716049194,34.58027035292522,39.655945688779624,199,12.799279522138676,357
133.1836531162262,34.58188750089442,39.655945688779624,199,12.795201576344898,357
133.59846806526184,34.582646971557764,39.655945688779624,199,12.793286426800094,357
138.60563015937805,34.58579243903972,39.655945688779624,201,12.785354533039083,370
144.5162980556488,34.58579243903972,39.655945688779624,204,12.785354533039083,384
144.9054410457611,34.58579243903972,39.655945688779624,204,12.785354533039083,384
151.28991198539734,34.58579243903972,39.655945688779624,209,12.785354533039083,399
157.9558391571045,34.58579243903972,39.655945688779624,218,12.785354533039083,415
158.42900896072388,34.58579243903972,39.655945688779624,218,12.785354533039083,415
158.98825001716614,34.58579243903972,39.655945688779624,218,12.785354533039083,415
159.4573311805725,34.58579243903972,39.655945688779624,218,12.785354533039083,415
160.85440516471863,34.58579243903972,39.655945688779624,218,12.785354533039083,415
161.44045615196228,34.58579243903972,39.655945688779624,218,12.785354533039083,415
161.86417508125305,34.58579243903972,39.655945688779624,218,12.785354533039083,415
163.41210412979126,34.58579243903972,39.655945688779624,218,12.785354533039083,415
164.86398601531982,34.58579243903972,39.655945688779624,218,12.785354533039083,415
171.61786007881165,34.58579243903972,39.655945688779624,223,12.785354533039083,430
178.96185517311096,34.58579243903972,39.655945688779624,232,12.785354533039083,446
179.42836904525757,34.58579243903972,39.655945688779624,232,12.785354533039083,446
179.97335600852966,34.58579243903972,39.655945688779624,232,12.785354533039083,446
181.39882516860962,34.58579243903972,39.655945688779624,232,12.785354533039083,446
181.86155200004578,34.58579243903972,39.655945688779624,232,12.785354533039083,446
183.49704813957214,34.58579243903972,39.655945688779624,232,12.785354533039083,446
185.00471997261047,34.58579243903972,39.655945688779624,232,12.785354533039083,446
185.61671805381775,34.58579243903972,39.655945688779624,232,12.785354533039083,446
186.9580750465393,34.58579243903972,39.655945688779624,232,12.785354533039083,446
187.32787704467773,34.58579243903972,39.655945688779624,232,12.785354533039083,446
187.81617617607117,34.58579243903972,39.655945688779624,232,12.785354533039083,446
189.57335996627808,34.58579243903972,39.655945688779624,232,12.785354533039083,446
190.80430006980896,34.58579243903972,39.655945688779624,232,12.785354533039083,446
191.49249696731567,34.61382334648473,39.655945688779624,232,12.71466927523438,446
191.93295216560364,34.61523141830246,39.655945688779624,232,12.711118554672124,446
193.69247817993164,34.62130860361654,39.655945688779624,232,12.695793777495512,446
195.06807708740234,34.64810820775901,39.655945688779624,232,12.628213484863505,446
195.7239761352539,34.669447355316784,39.655945688779624,232,12.574402770764678,446
197.39931297302246,34.683427113043905,39.655945688779624,232,12.539150156095404,446
198.20127296447754,34.68773451264902,39.655945688779624,232,12.528288229768084,446
198.59177994728088,34.71728880101411,39.655945688779624,232,12.453761477595721,446
198.93655014038086,34.730196747183754,39.655945688779624,232,12.4212116393673,446
199.21856999397278,34.73140439694525,39.655945688779624,232,12.418166321091514,446
200.42202997207642,34.73202524806598,39.655945688779624,232,12.416600727055245,446
200.93743515014648,34.73789980189898,39.655945688779624,232,12.401786923649556,446
201.97646403312683,34.75193362128752,39.655945688779624,232,12.366397982231604,446
202.21292114257812,34.77086372488118,39.655945688779624,232,12.318662130104348,446
202.72141408920288,34.85006441076321,39.655945688779624,232,12.118942555885651,446
203.40778017044067,34.860590228151096,39.655945688779624,232,12.092399707883756,446
204.03336715698242,34.868974871276976,39.655945688779624,231,12.0712562375157,446
204.45353507995605,34.91844076832019,39.655945688779624,231,11.946518581701307,446
205.099102973938,34.9328930228494,39.655945688779624,230,11.91007447659124,446
205.5986349582672,34.96592762592091,39.655945688779624,230,11.826771449774606,446
205.90615797042847,34.969910401295174,39.655945688779624,230,11.816728125110208,446
206.5730791091919,34.986596826184226,39.655945688779624,229,11.774650135040302,446
207.15211510658264,34.99097435253952,39.655945688779624,228,11.763611370791313,446
207.91486597061157,34.992341629813765,39.655945688779624,227,11.760163521419674,446
208.36952805519104,35.00153021870022,39.655945688779624,227,11.736992749100777,446
209.9352240562439,35.05558915119258,39.655945688779624,227,11.60067288191966,446
210.4379119873047,35.06664398261158,39.655945688779624,227,11.572796024548104,446
211.09714317321777,35.08439829283159,39.655945688779624,226,11.528025158763331,446
211.79569911956787,35.08923282391551,39.655945688779624,226,11.515833970279607,446
213.10179495811462,35.106646929039755,39.655945688779624,226,11.471920996268317,446
213.49503898620605,35.1397747627005,39.655945688779624,226,11.388382870811089,446
213.81303095817566,35.152555008256215,39.655945688779624,226,11.356155053938387,446
214.18891310691833,35.21609251006119,39.655945688779624,226,11.195933173709845,446
214.80099296569824,35.21647687783566,39.655945688779624,226,11.194963917352956,446
215.75735211372375,35.21735501548686,39.655945688779624,226,11.192749526456593,446
216.24713397026062,35.238502304091774,39.655945688779624,226,11.139422621152457,446
216.6387231349945,35.24441119596527,39.655945688779624,225,11.124522227854895,446
217.20942211151123,35.268695846494744,39.655945688779624,225,11.063283868492443,446
217.67980909347534,35.29502632855893,39.655945688779624,225,10.996886556294088,446
218.0999481678009,35.33451374498719,39.655945688779624,225,10.897311534837897,446
218.3389720916748,35.33877686546378,39.655945688779624,225,10.886561266744318,446
218.79570603370667,35.34760043174108,39.655945688779624,225,10.864310968273196,446
219.09148907661438,35.347778494937714,39.655945688779624,225,10.863861948098434,446
219.55289101600647,35.354345529720234,39.655945688779624,225,10.84730192243656,446
220.60831212997437,35.354965610909915,39.655945688779624,225,10.845738269927685,446
222.1658480167389,35.39748153756095,39.655945688779624,225,10.738526284656421,446
222.77244210243225,35.41756200775145,39.655945688779624,224,10.687889564634432,446
223.28889107704163,35.420405177428904,39.655945688779624,223,10.680719972211222,446
223.90989804267883,35.55194890659444,39.655945688779624,222,10.349007471397616,446
224.8097381591797,35.58158725881121,39.655945688779624,222,10.27426873625466,446
225.642884016037,35.58383814639816,39.655945688779624,226,10.268592695631115,452
225.90405702590942,35.58383814639816,39.655945688779624,226,10.268592695631115,452
226.27011609077454,35.61532231681656,39.655945688779624,225,10.18919937926567,452
226.75844311714172,35.70604319062055,39.655945688779624,225,9.960429462855236,452
228.10947108268738,35.72096467703674,39.655945688779624,225,9.922802100408012,452
228.2372190952301,35.7359050933787,39.655945688779624,225,9.885127002557086,452
228.7217161655426,35.76901979399987,39.655945688779624,224,9.801621994553862,452
229.30476808547974,35.77554774065687,39.655945688779624,223,9.785160537025568,452
230.4673810005188,35.838367604434126,39.655945688779624,223,9.626748317404662,452
230.89194512367249,35.84254028371167,39.655945688779624,222,9.616226113974456,452
231.37369012832642,35.86086734894352,39.655945688779624,222,9.570010937628185,452
234.5059850215912,35.863929719092724,39.614620023648946,221,9.467944668703506,452
234.50625896453857,35.863929719092724,39.614620023648946,222,9.467944668703506,452
235.43174195289612,35.9069271408355,39.614620023648946,222,9.35940539275663,452
236.37659811973572,35.92600956756738,39.614620023648946,222,9.311235230527418,452
238.296049118042,35.96664117784129,39.614620023648946,221,9.208668021124282,452
239.16166615486145,35.99219504668757,39.614620023648946,221,9.144161864480534,452
241.18839311599731,35.99659785992155,39.614620023648946,221,9.133047752490182,452
241.65319514274597,36.01957551974915,39.614620023648946,220,9.075044773252015,452
242.13700413703918,36.031346607498136,39.614620023648946,220,9.045330774374927,452
242.89784002304077,36.09820565497772,39.614620023648946,220,8.87655710586651,452
258.93685007095337,36.14400459278396,39.614620023648946,223,8.760945905307478,467
260.06538915634155,36.14400459278396,39.614620023648946,223,8.760945905307478,467
278.6700921058655,36.14400459278396,39.614620023648946,228,8.760945905307478,483
279.6335940361023,36.14400459278396,39.614620023648946,228,8.760945905307478,483
280.8532509803772,36.14400459278396,39.614620023648946,228,8.760945905307478,483
300.0508849620819,36.14400459278396,39.614620023648946,233,8.760945905307478,499
301.0439841747284,36.14400459278396,39.614620023648946,233,8.760945905307478,499
302.3988859653473,36.14400459278396,39.614620023648946,233,8.760945905307478,499
306.60478711128235,36.14400459278396,39.6077861359405,232,8.74520361039183,499
306.60515117645264,36.14400459278396,39.6077861359405,233,8.74520361039183,499
310.54248309135437,36.14400459278396,39.6077861359405,233,8.74520361039183,499
311.5834939479828,36.14400459278396,39.6077861359405,233,8.74520361039183,499
331.80196714401245,36.182846542266454,39.6077861359405,238,8.647137161160904,515
332.93820214271545,36.182846542266454,39.6077861359405,238,8.647137161160904,515
334.1329560279846,36.182846542266454,39.6077861359405,238,8.647137161160904,515
337.99540305137634,36.182846542266454,39.6077861359405,238,8.647137161160904,515
338.57278299331665,36.209029983189104,39.6077861359405,237,8.58103035874386,515
339.2662920951843,36.243006059741475,39.6077861359405,236,8.495249051917574,515
339.69936203956604,36.26278603453655,39.6077861359405,237,8.445309439723168,519
341.12229204177856,36.27264815201016,39.6077861359405,237,8.420409998386656,519
341.9773180484772,36.28423798086679,39.6077861359405,237,8.391148507181745,519
342.21171617507935,36.30954733060307,39.6077861359405,237,8.327248571827091,519
358.7104480266571,36.34704659369977,39.6077861359405,240,8.232572078250797,533
359.80613803863525,36.34704659369977,39.6077861359405,240,8.232572078250797,533
377.49676513671875,36.34704659369977,39.6077861359405,245,8.232572078250797,548
396.06025409698486,36.34704659369977,39.6077861359405,251,8.232572078250797,564
416.4975640773773,36.34704659369977,39.6077861359405,257,8.232572078250797,581
418.0797290802002,36.34704659369977,39.6077861359405,257,8.232572078250797,581
419.4502320289612,36.34704659369977,39.6077861359405,257,8.232572078250797,581
440.5243170261383,36.34704659369977,39.6077861359405,263,8.232572078250797,598
442.01710510253906,36.34704659369977,39.6077861359405,263,8.232572078250797,598
443.216588973999,36.34704659369977,39.6077861359405,263,8.232572078250797,598
446.19536304473877,36.34704659369977,39.6077861359405,263,8.232572078250797,598
448.78399896621704,36.34704659369977,39.6077861359405,263,8.232572078250797,598
450.65601801872253,36.34704659369977,39.6077861359405,263,8.232572078250797,598
452.34441804885864,36.34704659369977,39.6077861359405,263,8.232572078250797,598
454.11169695854187,36.34704659369977,39.6077861359405,263,8.232572078250797,598
455.6713070869446,36.34704659369977,39.6077861359405,263,8.232572078250797,598
460.4400210380554,36.34704659369977,39.6077861359405,263,8.232572078250797,598
465.52327704429626,36.34704659369977,39.6077861359405,263,8.232572078250797,598
486.0825481414795,36.34704659369977,39.6077861359405,268,8.232572078250797,613
504.46583104133606,36.34704659369977,39.6077861359405,274,8.232572078250797,629
527.1219291687012,36.34704659369977,39.6077861359405,280,8.232572078250797,646
528.8134741783142,36.34704659369977,39.6077861359405,280,8.232572078250797,646
530.331670999527,36.34704659369977,39.6077861359405,280,8.232572078250797,646
551.1963491439819,36.34704659369977,39.6077861359405,286,8.232572078250797,663
552.8138220310211,36.34704659369977,39.6077861359405,286,8.232572078250797,663
554.0800650119781,36.34704659369977,39.6077861359405,286,8.232572078250797,663
556.8443350791931,36.34704659369977,39.6077861359405,286,8.232572078250797,663
559.5472950935364,36.34704659369977,39.6077861359405,286,8.232572078250797,663
561.4875731468201,36.34704659369977,39.6077861359405,286,8.232572078250797,663
563.3342900276184,36.34704659369977,39.6077861359405,286,8.232572078250797,663
565.2588181495667,36.34704659369977,39.6077861359405,286,8.232572078250797,663
567.0355370044708,36.34704659369977,39.6077861359405,286,8.232572078250797,663
571.8162121772766,36.34704659369977,39.6077861359405,286,8.232572078250797,663
576.7828810214996,36.34704659369977,39.6077861359405,286,8.232572078250797,663
577.975161075592,36.34704659369977,39.6077861359405,286,8.232572078250797,663
582.4460141658783,36.34704659369977,39.6077861359405,286,8.232572078250797,663
584.0664360523224,36.34704659369977,39.6077861359405,286,8.232572078250797,663
588.3853540420532,36.34704659369977,39.6077861359405,286,8.232572078250797,663
590.0140860080719,36.34704659369977,39.6077861359405,286,8.232572078250797,663
591.1797239780426,36.36356946849642,39.6077861359405,286,8.19085584917417,663
595.5732650756836,36.37730740285792,39.6077861359405,286,8.156170915473634,663
598.017331123352,36.38182873141476,39.6077861359405,286,8.144755663580192,663
602.5405120849609,36.384071837187435,39.6077861359405,286,8.139092368578096,663
620.0159111022949,36.41106179103792,39.6077861359405,289,8.070949317719723,677
621.1266520023346,36.41106179103792,39.6077861359405,289,8.070949317719723,677
640.0196580886841,36.41106179103792,39.6077861359405,294,8.070949317719723,692
659.9298861026764,36.41106179103792,39.6077861359405,299,8.070949317719723,708
661.2977991104126,36.41106179103792,39.6077861359405,299,8.070949317719723,708
662.5218601226807,36.41106179103792,39.6077861359405,299,8.070949317719723,708
665.2367689609528,36.41106179103792,39.6077861359405,299,8.070949317719723,708
666.7875261306763,36.41106179103792,39.6077861359405,299,8.070949317719723,708
668.3011660575867,36.41106179103792,39.6077861359405,299,8.070949317719723,708
672.9936399459839,36.41106179103792,39.6077861359405,299,8.070949317719723,708
693.1155869960785,36.41106179103792,39.6077861359405,304,8.070949317719723,723
714.2905149459839,36.41106179103792,39.6077861359405,309,8.070949317719723,739
715.6118459701538,36.41106179103792,39.6077861359405,309,8.070949317719723,739
716.7771611213684,36.41106179103792,39.6077861359405,309,8.070949317719723,739
718.4146461486816,36.41106179103792,39.6077861359405,309,8.070949317719723,739
721.263738155365,36.41106179103792,39.6077861359405,309,8.070949317719723,739
722.7903320789337,36.41106179103792,39.6077861359405,309,8.070949317719723,739
727.5322749614716,36.41106179103792,39.6077861359405,309,8.070949317719723,739
728.8664071559906,36.41106179103792,39.6077861359405,309,8.070949317719723,739
730.5295910835266,36.42095299283505,39.6077861359405,309,8.045976445559749,739
730.786642074585,36.4210061926039,39.6077861359405,309,8.045842129118363,739
731.358561038971,36.471720061374484,39.6077861359405,308,7.917801979142477,739
731.5882680416107,36.48002233866287,39.6077861359405,308,7.896840753842251,739
733.0833711624146,36.48093428499231,39.6077861359405,308,7.894538311776168,739
734.679356098175,36.49615038354915,39.6077861359405,308,7.856121373993739,739
739.1357040405273,36.49643645882436,39.6077861359405,308,7.855399103695089,739
739.96772813797,36.497818492375536,39.6077861359405,308,7.851909806044293,739
743.8337399959564,36.51761473826684,39.6077861359405,308,7.8019291133002895,739
744.2139639854431,36.51998197590165,39.6077861359405,308,7.7959524156209925,739
750.0330619812012,36.52620610661496,39.6077861359405,308,7.780238003581036,739
750.9825999736786,36.53131962687824,39.6077861359405,308,7.767327612059187,739
752.2593801021576,36.536571731919764,39.6077861359405,308,7.7540673277719145,739
752.4847400188446,36.54241395315546,39.6077861359405,308,7.739317144018537,739
753.32750415802,36.54800087797529,39.6077861359405,308,7.725211521450653,739
754.8545889854431,36.576133239448275,39.6077861359405,308,7.654184169968727,739
755.9417440891266,36.579168548016405,39.6077861359405,308,7.646520756119458,739
759.6819579601288,36.582072803822584,39.6077861359405,308,7.639188218531492,739
763.5070390701294,36.5927214554315,39.6077861359405,308,7.612302970332137,739
764.3193910121918,36.60068761523049,39.6077861359405,307,7.592190359716517,739
768.599995136261,36.6332111767938,39.6077861359405,307,7.510076298981884,739
770.8456230163574,36.645188374126974,39.6077861359405,310,7.479836796849486,746
771.1538369655609,36.645188374126974,39.6077861359405,310,7.479836796849486,746
771.5252721309662,36.645188374126974,39.6077861359405,310,7.479836796849486,746
772.191545009613,36.645188374126974,39.6077861359405,310,7.479836796849486,746
777.511871099472,36.64581791191213,39.6077861359405,310,7.47824736748073,746
785.8442080020905,36.65046534999608,39.6077861359405,315,7.466513719788331,758
786.454656124115,36.65046534999608,39.6077861359405,315,7.466513719788331,758
787.1819851398468,36.65046534999608,39.6077861359405,315,7.466513719788331,758
787.7637760639191,36.65046534999608,39.6077861359405,315,7.466513719788331,758
790.2084901332855,36.65046534999608,39.6077861359405,315,7.466513719788331,758
796.3235659599304,36.65194309556758,39.6077861359405,315,7.46278277262954,758
797.1647641658783,36.655796439047734,39.6077861359405,315,7.45305402013899,758
797.85773396492,36.66457734558231,39.6077861359405,314,7.430884372725631,758
802.9929950237274,36.67488020362432,39.6077861359405,314,7.404872168946684,758
804.3742091655731,36.68441917636139,39.6077861359405,314,7.380788589257758,758
805.8740119934082,36.69184184579503,39.6077861359405,314,7.362048159262079,758
807.8212449550629,36.693191075515045,39.6077861359405,314,7.358641683284395,758
808.4282531738281,36.69445072731705,39.6077861359405,313,7.355461369702418,758
809.4484491348267,36.698628823414026,39.6077861359405,313,7.3449126960587074,758
810.6860699653625,36.70711197696027,39.6077861359405,313,7.32349480232153,758
811.7595851421356,36.71343283072156,39.6077861359405,313,7.307536188175328,758
814.573627948761,36.72331211746976,39.6077861359405,312,7.282593398607906,758
815.5282561779022,36.735865246829405,39.6077861359405,312,7.25089980857346,758
816.6581649780273,36.741522135214694,39.6077861359405,312,7.236617545066296,758
817.1872341632843,36.743125457706306,39.6077861359405,311,7.232569546811335,758
820.2732169628143,36.76851848185987,39.6077861359405,311,7.168458353960484,758
821.7864320278168,36.770983470740106,39.6077861359405,310,7.162234858227159,758
825.837247133255,36.77521844391638,39.6077861359405,310,7.151542583830054,758
827.0044131278992,36.77722445171896,39.6077861359405,310,7.146477903376333,758
827.8744471073151,36.78265343938548,39.6077861359405,310,7.132771033601067,758
833.9018061161041,36.78482751742918,39.6077861359405,311,7.127282016779375,768
839.8439049720764,36.78482751742918,39.6077861359405,313,7.127282016779375,779
845.9173450469971,36.78482751742918,39.6077861359405,321,7.127282016779375,791
846.6108660697937,36.78482751742918,39.6077861359405,321,7.127282016779375,791
847.3244800567627,36.78482751742918,39.6077861359405,321,7.127282016779375,791
847.92990899086,36.78482751742918,39.6077861359405,321,7.127282016779375,791
858.6586570739746,36.78482751742918,39.6077861359405,323,7.127282016779375,804
870.8293299674988,36.78482751742918,39.6077861359405,326,7.127282016779375,818
883.5914120674133,36.78482751742918,39.6077861359405,331,7.127282016779375,833
897.3297159671783,36.78482751742918,39.6077861359405,339,7.127282016779375,849
898.3994140625,36.78482751742918,39.6077861359405,339,7.127282016779375,849
899.4284100532532,36.78482751742918,39.6077861359405,339,7.127282016779375,849
900.6912620067596,36.78482751742918,39.6077861359405,339,7.127282016779375,849
902.3959250450134,36.78482751742918,39.6077861359405,339,7.127282016779375,849
903.8618891239166,36.78482751742918,39.6077861359405,339,7.127282016779375,849
916.875990152359,36.78482751742918,39.6077861359405,344,7.127282016779375,864
931.3016600608826,36.78482751742918,39.6077861359405,352,7.127282016779375,880
932.2627911567688,36.78482751742918,39.6077861359405,352,7.127282016779375,880
933.3073370456696,36.78482751742918,39.6077861359405,352,7.127282016779375,880
934.506500005722,36.78482751742918,39.6077861359405,352,7.127282016779375,880
936.2500991821289,36.78482751742918,39.6077861359405,352,7.127282016779375,880
937.8203451633453,36.78482751742918,39.6077861359405,352,7.127282016779375,880
938.7852430343628,36.78482751742918,39.6077861359405,352,7.127282016779375,880
939.9365510940552,36.78482751742918,39.6077861359405,352,7.127282016779375,880
952.3208410739899,36.78482751742918,39.6077861359405,355,7.127282016779375,894
965.4279720783234,36.78482751742918,39.6077861359405,361,7.127282016779375,909
966.3065760135651,36.78482751742918,39.6077861359405,361,7.127282016779375,909
981.5437390804291,36.78482751742918,39.6077861359405,367,7.127282016779375,925
997.1452860832214,36.78482751742918,39.6077861359405,375,7.127282016779375,942
998.152321100235,36.78482751742918,39.6077861359405,375,7.127282016779375,942
999.2144989967346,36.78482751742918,39.6077861359405,375,7.127282016779375,942
1000.4707760810852,36.78482751742918,39.6077861359405,375,7.127282016779375,942
1002.1852560043335,36.78482751742918,39.6077861359405,375,7.127282016779375,942
1003.869980096817,36.78482751742918,39.6077861359405,375,7.127282016779375,942
1004.7160940170288,36.78482751742918,39.6077861359405,375,7.127282016779375,942
1005.7837200164795,36.78482751742918,39.6077861359405,375,7.127282016779375,942
1021.3948431015015,36.78482751742918,39.6077861359405,380,7.127282016779375,958
1038.1238090991974,36.78482751742918,39.6077861359405,388,7.127282016779375,975
1039.276093006134,36.78482751742918,39.6077861359405,388,7.127282016779375,975
1040.202857017517,36.78482751742918,39.6077861359405,388,7.127282016779375,975
1041.932002067566,36.78482751742918,39.6077861359405,388,7.127282016779375,975
1043.4245390892029,36.78482751742918,39.6077861359405,388,7.127282016779375,975
1044.6064751148224,36.78482751742918,39.6077861359405,388,7.127282016779375,975
1045.6439771652222,36.78482751742918,39.6077861359405,388,7.127282016779375,975
1046.4464390277863,36.78482751742918,39.6077861359405,388,7.127282016779375,975
1047.588161945343,36.78482751742918,39.6077861359405,388,7.127282016779375,975
1048.7710790634155,36.78482751742918,39.6077861359405,388,7.127282016779375,975
1049.912763118744,36.78482751742918,39.6077861359405,388,7.127282016779375,975
1051.2427160739899,36.78482751742918,39.6077861359405,388,7.127282016779375,975
1052.3424830436707,36.78482751742918,39.6077861359405,388,7.127282016779375,975
1056.4438519477844,36.78482751742918,39.6077861359405,388,7.127282016779375,975
1057.6497321128845,36.78482751742918,39.6077861359405,388,7.127282016779375,975
1058.5454981327057,36.78482751742918,39.6077861359405,388,7.127282016779375,975
1059.3852310180664,36.78482751742918,39.6077861359405,388,7.127282016779375,975
1060.310259103775,36.78482751742918,39.6077861359405,388,7.127282016779375,975
1061.2478380203247,36.78482751742918,39.6077861359405,388,7.127282016779375,975
1062.294713973999,36.78482751742918,39.6077861359405,388,7.127282016779375,975
1066.1142749786377,36.78482751742918,39.6077861359405,388,7.127282016779375,975
1067.7172429561615,36.78482751742918,39.6077861359405,388,7.127282016779375,975
1069.0873811244965,36.78482751742918,39.6077861359405,388,7.127282016779375,975
1074.6166281700134,36.78482751742918,39.6077861359405,388,7.127282016779375,975
1079.7885301113129,36.78482751742918,39.6077861359405,388,7.127282016779375,975
1084.9270091056824,36.78482751742918,39.6077861359405,388,7.127282016779375,975
1090.106448173523,36.78482751742918,39.6077861359405,388,7.127282016779375,975
1091.2716240882874,36.78482751742918,39.6077861359405,388,7.127282016779375,975
1092.6360549926758,36.78482751742918,39.6077861359405,388,7.127282016779375,975
1096.4050600528717,36.78482751742918,39.6077861359405,388,7.127282016779375,975
1100.8120031356812,36.78482751742918,39.6077861359405,388,7.127282016779375,975
1105.740023136139,36.78482751742918,39.6077861359405,388,7.127282016779375,975
1109.6712880134583,36.78482751742918,39.6077861359405,388,7.127282016779375,975
1110.855877161026,36.78482751742918,39.6077861359405,388,7.127282016779375,975
1112.2174890041351,36.78482751742918,39.6077861359405,388,7.127282016779375,975
1115.7948689460754,36.78482751742918,39.6077861359405,388,7.127282016779375,975
1117.0687601566315,36.78482751742918,39.6077861359405,388,7.127282016779375,975
1118.1637029647827,36.78482751742918,39.6077861359405,388,7.127282016779375,975
1119.2946560382843,36.78482751742918,39.6077861359405,388,7.127282016779375,975
1123.8463401794434,36.78482751742918,39.6077861359405,388,7.127282016779375,975
1128.078341960907,36.78482751742918,39.6077861359405,388,7.127282016779375,975
1129.0200669765472,36.78482751742918,39.6077861359405,388,7.127282016779375,975
1131.8588540554047,36.78482751742918,39.6077861359405,388,7.127282016779375,975
1133.0842990875244,36.78482751742918,39.6077861359405,388,7.127282016779375,975
1134.1605470180511,36.78482751742918,39.6077861359405,388,7.127282016779375,975
1135.1683011054993,36.78482751742918,39.6077861359405,388,7.127282016779375,975
1136.460324048996,36.78482751742918,39.6077861359405,388,7.127282016779375,975
1137.3828790187836,36.78482751742918,39.6077861359405,388,7.127282016779375,975
1140.7368609905243,36.78482751742918,39.6077861359405,388,7.127282016779375,975
1143.5042440891266,36.78482751742918,39.6077861359405,388,7.127282016779375,975
1145.2495710849762,36.78482751742918,39.6077861359405,388,7.127282016779375,975
1146.3101689815521,36.78482751742918,39.6077861359405,388,7.127282016779375,975
1147.128769159317,36.78482751742918,39.6077861359405,388,7.127282016779375,975
1150.3058190345764,36.78482751742918,39.6077861359405,388,7.127282016779375,975
1156.7191121578217,36.78482751742918,39.6077861359405,387,7.127282016779375,975
1157.7944271564484,36.78482751742918,39.6077861359405,387,7.127282016779375,975
1158.7594420909882,36.78482751742918,39.6077861359405,387,7.127282016779375,975
1165.4814369678497,36.78482751742918,39.6077861359405,386,7.127282016779375,975
1169.0537111759186,36.78482751742918,39.6077861359405,386,7.127282016779375,975
1171.300882101059,36.78482751742918,39.6077861359405,386,7.127282016779375,975
1182.4315609931946,36.78482751742918,39.6077861359405,390,7.127282016779375,987
1183.429766178131,36.78482751742918,39.6077861359405,390,7.127282016779375,987
1184.6298940181732,36.78482751742918,39.6077861359405,390,7.127282016779375,987
1185.4715421199799,36.78482751742918,39.6077861359405,390,7.127282016779375,987
1188.5880210399628,36.78482751742918,39.6077861359405,390,7.127282016779375,987
1189.5280351638794,36.785285956928675,39.6077861359405,390,7.126124568852539,987
1191.8231270313263,36.78804052647496,39.6077861359405,390,7.119169952563638,987
1192.174527168274,36.788167622951896,39.6077861359405,389,7.11884906495709,987
1194.0248401165009,36.78831769459457,39.6077861359405,389,7.118470170660508,987
1195.804713010788,36.80100709009204,39.6077861359405,389,7.086432541862164,987
1197.1758630275726,36.80339992327851,39.6077861359405,389,7.080391221657452,987
1202.4569690227509,36.80428073562856,39.6077861359405,389,7.078167385296025,987
1203.7271370887756,36.80728259506816,39.6077861359405,389,7.070588422338346,987
1205.1235389709473,36.81510265456938,39.6077861359405,389,7.050844679342004,987
1206.6088891029358,36.8412396490571,39.6077861359405,389,6.984855142845278,987
1208.219838142395,36.84276413053301,39.6077861359405,389,6.981006198926325,987
1208.6827480793,36.844407469834415,39.6077861359405,388,6.976857167986392,987
1209.5069999694824,36.84910477774948,39.6077861359405,388,6.964997611133242,987
1215.8927130699158,36.858399466058,39.6077861359405,387,6.9415307900475565,987
1217.3399481773376,36.86163328572243,39.6077861359405,387,6.933366184095272,987
1219.167778968811,36.86298251544244,39.6077861359405,387,6.929959708117589,987
1219.9133670330048,36.88031974909333,39.6077861359405,387,6.886187421549014,987
1225.4102041721344,36.881881000097884,39.6077861359405,387,6.882245643538008,987
1226.7878160476685,36.88322427064896,39.6077861359405,387,6.878854213008504,987
1228.5339920520782,36.888386398137484,39.6077861359405,386,6.865821100097805,987
1230.3786680698395,36.89467926988414,39.6077861359405,385,6.8499331337139715,987
1230.722414970398,36.90212639705715,39.6077861359405,384,6.831130953891426,987
1235.704658985138,36.906132282327924,39.6077861359405,384,6.8210170705831725,987
1238.65620803833,36.917530044355914,39.6077861359405,384,6.792240501277151,987
1244.9071831703186,36.91823580252768,39.6077861359405,384,6.790458634021691,987
1247.7472741603851,36.92573682524022,39.6077861359405,384,6.771520381106483,987
1250.6711640357971,36.93244984588429,39.6077861359405,384,6.754571641227332,987
1251.191437959671,36.935927013020326,39.6077861359405,383,6.7457926422595555,987
1252.0391340255737,36.97318946728717,39.6077861359405,383,6.651714033223056,987
1253.623533964157,36.97339709955891,39.6077861359405,383,6.6511898123766136,987
1260.198266029358,36.97778349246035,39.6077861359405,382,6.640115240103419,987
1264.4451069831848,36.9853120337868,39.6077861359405,382,6.621107509399632,987
1265.1633911132812,37.002307643217605,39.6077861359405,382,6.578197740667606,987
1265.727931022644,37.00576403028818,39.6077861359405,381,6.569471206297045,987
1267.1959300041199,37.00657610997781,39.6077861359405,381,6.567420903139874,987
1267.5829141139984,37.01386440122439,39.6077861359405,380,6.549019745292862,987
1268.1159281730652,37.03638835117474,39.6077861359405,379,6.492152265062969,987
1268.6917819976807,37.04160374421265,39.6077861359405,378,6.478984669631081,987
1273.2977290153503,37.04977009934253,39.6077861359405,378,6.4583666146308545,987
1279.3181681632996,37.05501052049712,39.6077861359405,378,6.445135829308486,987
1282.3275640010834,37.06226173582085,39.6077861359405,378,6.426828279124187,987
1283.76100897789,37.06889906772615,39.6077861359405,378,6.410070634850603,987
1285.1967141628265,37.078063503728586,39.6077861359405,378,6.386932669070385,987
1286.221270084381,37.07884955281811,39.6077861359405,378,6.384948086829841,987
1286.833204984665,37.0879025511111,39.6077861359405,378,6.362091474087298,987
1288.1851580142975,37.08848288609006,39.6077861359405,377,6.36062626980405,987
1292.415199995041,37.096138660070544,39.6077861359405,377,6.341297307679772,987
1293.4093430042267,37.1017688673704,39.6077861359405,377,6.327082407406034,987
1297.4235191345215,37.11658426636361,39.6077861359405,376,6.289677138294659,987
1298.4514911174774,37.11674340673207,39.6077861359405,376,6.2892753476772425,987
1299.9426050186157,37.11702496235907,39.6077861359405,376,6.288564488388032,987
1305.1966400146484,37.12210757230652,39.6077861359405,376,6.275732137874914,987
1306.4007489681244,37.13042089754893,39.6077861359405,376,6.2547430191852715,987
1309.4370739459991,37.13593473725337,39.6077861359405,376,6.240821918708923,987
1311.0653100013733,37.137976820785546,39.6077861359405,376,6.235666155836528,987
1311.9864180088043,37.1447117893112,39.6077861359405,376,6.218662002909272,987
1312.9520671367645,37.1570295639047,39.6077861359405,376,6.187562626258374,987
1313.7093801498413,37.17062784556957,39.6077861359405,376,6.15323028155676,987
1314.2455041408539,37.17345793305947,39.6077861359405,375,6.1460850008784,987
1317.597498178482,37.18489903380791,39.6077861359405,375,6.117199011873172,987
1322.1558301448822,37.18753577275428,39.6077861359405,375,6.110541889111194,987
1322.506716966629,37.18833977485648,39.6077861359405,375,6.108511979892232,987
1325.5517830848694,37.198257695001715,39.6077861359405,375,6.083471650419652,987
1326.2480010986328,37.20959376257162,39.6077861359405,374,6.05485084457355,987
1326.3895599842072,37.21813795201504,39.6077861359405,374,6.033278850082127,987
1327.092805147171,37.219477872358375,39.6077861359405,374,6.029895878010083,987
1331.6500720977783,37.22741522094314,39.6077861359405,374,6.009856008683567,987
1333.059515953064,37.2401891931073,39.6077861359405,373,5.977604844429367,987
1337.9234240055084,37.251550970092424,39.6077861359405,373,5.948919128580139,987
1344.2728130817413,37.25567677435754,39.6077861359405,373,5.938502479058363,987
1350.253695011139,37.26231310929211,39.6077861359405,373,5.921747351892729,987
1353.3991360664368,37.26574662718993,39.6077861359405,373,5.913078556605777,987
1358.0791261196136,37.27365087639495,39.6077861359405,373,5.893122255140461,987
1359.4488940238953,37.281548395097666,39.6077861359405,373,5.873182946551975,987
1360.406702041626,37.28357137082651,39.6077861359405,373,5.868075426222768,987
1366.1701080799103,37.28494842502743,39.6077861359405,373,5.864598700216936,987
1368.8650979995728,37.29001371594907,39.6077861359405,373,5.851810076020024,987
1374.2469789981842,37.29897247935255,39.6077861359405,372,5.829191383390424,987
1376.5337100028992,37.299703631101885,39.6077861359405,372,5.827345403544883,987
1379.6672689914703,37.320845987421066,39.6077861359405,372,5.773966110275076,987
1381.0648341178894,37.32266694571352,39.6077861359405,371,5.769368634702456,987
1382.2380001544952,37.32846777662337,39.6077861359405,370,5.754722951427105,987
1385.0689260959625,37.33382061057096,39.6077861359405,370,5.741208351218907,987
1386.7826399803162,37.342532172680876,39.6077861359405,370,5.719213781565314,987
1387.7207629680634,37.358928581602925,39.6077861359405,370,5.677816847978131,987
1391.8553621768951,37.38248912803439,39.6077861359405,370,5.618332214450255,987
1393.192018032074,37.38638839978702,39.6077861359405,369,5.608487504273204,987
1396.669387102127,37.3874925318471,39.6077861359405,368,5.6056998401096765,987
1398.0622100830078,37.39424370241507,39.6077861359405,367,5.588654780977123,987
1402.983486175537,37.41654294917519,39.6077861359405,367,5.532354621499424,987
1408.1811060905457,37.4306783760022,39.6077861359405,367,5.496666116268418,987
1410.0346760749817,37.43117730756521,39.6077861359405,367,5.495406435756875,987
1413.8847830295563,37.43528237793085,39.6077861359405,366,5.485042134274458,987
1417.3609600067139,37.43768498463636,39.6077861359405,366,5.47897613831783,987
1419.7203931808472,37.44124744210919,39.6077861359405,366,5.469981802051225,987
1419.994786977768,37.443778139971315,39.6077861359405,365,5.463592407164468,987
1421.8172180652618,37.44568336612025,39.6077861359405,365,5.458782175806432,987
1422.4363400936127,37.44759573911633,39.6077861359405,364,5.453953900402405,987
1424.6065101623535,37.45472976337002,39.6077861359405,364,5.435942229088077,987
1427.9811961650848,37.472598416191985,39.6077861359405,363,5.390828238721034,987
1429.5261001586914,37.49144960449797,39.6077861359405,362,5.343233585888667,987
1434.9638590812683,37.49225101382242,39.6077861359405,362,5.3412102228011795,987
1437.2417051792145,37.50318852247096,39.6077861359405,362,5.313595681026491,987
1437.6725590229034,37.504437399959215,39.6077861359405,362,5.310442569958954,987
1439.1876239776611,37.50588699521762,39.6077861359405,361,5.306782695475105,987
1440.196081161499,37.51669839356898,39.6077861359405,361,5.279486551443598,987
1441.631203174591,37.51681407163855,39.6077861359405,360,5.279194492530806,987
1442.519956111908,37.52493251871529,39.6077861359405,359,5.258697393680404,987
1444.0486161708832,37.52639453837878,39.6077861359405,359,5.255006150603918,987
1447.7271211147308,37.527925505523505,39.6077861359405,358,5.251140831953011,987
1449.211842060089,37.54003709422095,39.6077861359405,358,5.22056202440271,987
1449.9246881008148,37.54587411310561,39.6077861359405,358,5.205824975316885,987
1451.769093990326,37.54601706404995,39.6077861359405,358,5.205464059046921,987
1453.2210841178894,37.552931869479295,39.6077861359405,358,5.188005861798498,987
1455.8032851219177,37.556107383259665,39.6077861359405,358,5.179988463983151,987
1456.676234960556,37.57375260220283,39.6077861359405,357,5.135438589666509,987
1459.4102790355682,37.576240725344,39.6077861359405,357,5.129156685566567,987
1463.6924641132355,37.57719063442258,39.6077861359405,356,5.1267583968176895,987
1464.2218461036682,37.58341787369362,39.6077861359405,355,5.111036136427603,987
1468.793035030365,37.58348035572507,39.6077861359405,355,5.110878384537006,987
1470.7350001335144,37.58376781363869,39.6077861359405,355,5.1101526234136045,987
1482.541687965393,37.58948467855578,39.6077861359405,355,5.095718933791395,987
1483.361788034439,37.593565641757166,39.6077861359405,354,5.085415497019184,987
1484.0491199493408,37.59437623044572,39.6077861359405,354,5.083368958276096,987
1495.8416230678558,37.6019849810515,39.6077861359405,354,5.064158718704339,987
1497.2036600112915,37.60261466259036,39.6077861359405,354,5.0625689263925455,987
1498.3694970607758,37.616084474589826,39.6077861359405,354,5.0285609362634505,987
1500.8045361042023,37.616746548759295,39.6077861359405,354,5.02688936045965,987
1513.547425031662,37.627220483549465,39.5916128456704,353,4.961637632137412,987
1513.5482721328735,37.627220483549465,39.5916128456704,351,4.961637632137412,987
1515.9195930957794,37.630228870020126,39.5916128456704,351,4.954039087257748,987
1516.5550379753113,37.63678159176484,39.5916128456704,350,4.937488304721422,987
1517.0323419570923,37.64279242780052,39.5916128456704,349,4.922306210324017,987
1517.3717470169067,37.647192143616174,39.5916128456704,348,4.911193463205576,987
1518.5760340690613,37.654797052639296,39.5916128456704,348,4.891985079215849,987
1519.9028069972992,37.656135659388,39.5916128456704,348,4.888604043050636,987
1521.206598997116,37.66987457760487,39.5916128456704,347,4.853902455443109,987
1522.0130109786987,37.67235862588734,39.5916128456704,347,4.847628277393956,987
1534.426274061203,37.68061134145097,39.5916128456704,347,4.826783671755389,987
1535.3842241764069,37.680721241171824,39.5916128456704,347,4.826506088416506,987
1536.8293671607971,37.6963240242696,39.5916128456704,347,4.7870967742302,987
1538.7955510616302,37.70875727686256,39.5916128456704,346,4.755693020507339,987
1541.4120020866394,37.710546818739,39.5916128456704,346,4.751173018042651,987
1544.919960975647,37.718181858219,39.5916128456704,345,4.7318885309222045,987
1546.4063460826874,37.718715067390235,39.5916128456704,345,4.730541757873792,987
1550.862487077713,37.71904327129432,39.5916128456704,345,4.729712784562292,987
1616.912822008133,37.73343887582515,39.5916128456704,349,4.693352546885319,1004
1620.992912054062,37.73343887582515,39.5916128456704,349,4.693352546885319,1004
1624.614156961441,37.73343887582515,39.5916128456704,349,4.693352546885319,1004
1628.7109110355377,37.73343887582515,39.5916128456704,349,4.693352546885319,1004
1632.7266399860382,37.73343887582515,39.5916128456704,349,4.693352546885319,1004
1637.3749361038208,37.73343887582515,39.5916128456704,349,4.693352546885319,1004
1641.8970379829407,37.73343887582515,39.5916128456704,349,4.693352546885319,1004
1654.9704630374908,37.73343887582515,39.5916128456704,349,4.693352546885319,1004
1667.2378211021423,37.73343887582515,39.5916128456704,349,4.693352546885319,1004
1680.7576520442963,37.73612737119321,39.5916128456704,349,4.686561978947251,1004
1682.1070959568024,37.743198824483,39.5916128456704,349,4.66870099076939,1004
1683.7634921073914,37.743409584449985,39.5916128456704,349,4.668168655883705,1004
1696.851951122284,37.74342985231595,39.5916128456704,349,4.668117463561629,1004
1708.5786981582642,37.743639050417016,39.5916128456704,349,4.667589073617315,1004
1719.1221511363983,37.75613935291274,39.5916128456704,349,4.636015966089591,1004
1728.2584681510925,37.781374855410704,39.5916128456704,349,4.57227644985333,1004
1729.2345340251923,37.79987864331804,39.5916128456704,349,4.52553981404245,1004
1729.8517110347748,37.80463525060864,39.5916128456704,348,4.513525634905208,1004
1730.9622061252594,37.8057763928524,39.5916128456704,348,4.510643352114132,1004
1732.206731081009,37.80841066855034,39.5916128456704,348,4.503989731539985,1004
1736.5792241096497,37.808879139843526,39.5916128456704,348,4.502806472613365,1004
1738.146772146225,37.8302544725942,39.5916128456704,348,4.448816924791724,1004
1742.0252990722656,37.83756588462135,39.5916128456704,347,4.430349851839556,1004
1753.9258921146393,37.8390093683883,39.5916128456704,347,4.426703918614821,1004
1758.4867780208588,37.856348366792645,39.5916128456704,346,4.382909293546285,1004
1758.6321790218353,37.87889555107736,39.5916128456704,346,4.325959897792673,1004
1759.6026849746704,37.87965913029345,39.5916128456704,346,4.324031258969444,1004
1774.3354160785675,37.88738346261435,39.5916128456704,346,4.304521237109475,1004
1775.2022140026093,37.889465716887216,39.5916128456704,345,4.29926190533893,1004
1787.736006975174,37.89007347460772,39.5916128456704,345,4.297726838498205,1004
1802.1879851818085,37.89028174305445,39.5916128456704,345,4.2972007966631685,1004
1806.3133170604706,37.89145869148845,39.5916128456704,344,4.294228075045111,1004
1810.7597420215607,37.8941463931451,39.5916128456704,343,4.287439511853397,1004
1823.1074221134186,37.89468594373709,39.5916128456704,343,4.286076721723854,1004
1836.253103017807,37.89758422417719,39.5916128456704,343,4.278756281277547,1004
1837.1568160057068,37.89788547544934,39.5916128456704,343,4.277995384586296,1004
1838.2623410224915,37.90405717544033,39.5916128456704,343,4.262406982024764,1004
1839.506189107895,37.91182960920616,39.5916128456704,342,4.242775466137481,1004
1841.16765499115,37.91320102437738,39.5916128456704,342,4.239311562869466,1004
1844.481857061386,37.913816802639175,39.5916128456704,342,4.237756237845966,1004
1845.4866490364075,37.91434335336086,39.5916128456704,342,4.236426282626056,1004
1846.5871360301971,37.93279848032846,39.5916128456704,342,4.189812554007488,1004
1847.9889330863953,37.935993880537765,39.5916128456704,341,4.181741652168345,1004
1850.207132101059,37.93925957978665,39.5916128456704,340,4.173493189895249,1004
1857.3121700286865,37.94583685442988,39.5916128456704,339,4.156880391955277,1004
1857.9616861343384,37.94832822620369,39.5916128456704,338,4.150587716323381,1004
1862.6849210262299,37.95250646011505,39.5916128456704,337,4.1400343854256265,1004
1866.1493570804596,37.953765638341686,39.5916128456704,336,4.136853968826937,1004
1868.4849300384521,37.961749555508334,39.5916128456704,335,4.116688290813846,1004
1869.919981956482,37.96711889470265,39.5916128456704,334,4.103126481106202,1004
1873.5553340911865,37.969434336527335,39.5916128456704,333,4.097278167137002,1004
1879.2989230155945,37.96957415477508,39.5916128456704,332,4.096925015957506,1004
1886.1007640361786,37.97109631841053,39.5916128456704,331,4.0930803541060605,1004
1890.5393030643463,37.98616025672919,39.5916128456704,330,4.055032047315979,1004
1891.4629321098328,37.992093144571314,39.5916128456704,329,4.04004683348989,1004
1892.3848810195923,38.001785182136615,39.5916128456704,329,4.015566806361212,1004
1893.6030550003052,38.0084980328903,39.5916128456704,329,3.9986115719789876,1004
1894.1250619888306,38.01682991664983,39.5916128456704,328,3.9775670043024713,1004
1898.4945211410522,38.02395828308165,39.5916128456704,327,3.959562265623092,1004
1899.2804310321808,38.03013746550279,39.5916128456704,327,3.9439549640331584,1004
1905.5477101802826,38.031051019446664,39.5916128456704,327,3.9416475209203066,1004
1906.3644630908966,38.03430746523282,39.5916128456704,326,3.933422430927508,1004
1906.6273641586304,38.04059594163864,39.5916128456704,325,3.917539075959541,1004
1907.4942309856415,38.04362374715244,39.5916128456704,324,3.9098914827038733,1004
1920.8454620838165,38.04604853030684,39.5916128456704,324,3.9037669957731307,1004
1926.878504037857,38.050670168293564,39.5916128456704,323,3.8920937204136794,1004
1938.904361963272,38.05335101142957,39.5916128456704,323,3.885322480387527,1004
1941.5750839710236,38.055451096252135,39.5916128456704,323,3.880018112437801,1004
1942.242828130722,38.05757624893405,39.5916128456704,322,3.874650428402809,1004
1950.0570001602173,38.08389354535119,39.5916128456704,321,3.8081785306306064,1004
1952.3695621490479,38.08509672332687,39.5916128456704,321,3.8051395587645884,1004
1958.0109431743622,38.09056315103636,39.5916128456704,320,3.7913325241009566,1004
1960.4263319969177,38.09249418357979,39.5916128456704,320,3.786455146281184,1004
1961.0730681419373,38.09373251169729,39.5916128456704,319,3.7833273926270734,1004
1963.2683279514313,38.104798252148164,39.5916128456704,318,3.7553776839501145,1004
1963.4783101081848,38.1089622234242,39.5916128456704,317,3.7448603774380835,1004
1963.669067144394,38.10901960808972,39.5916128456704,316,3.7447154359684323,1004
1973.66166806221,38.11125731857863,39.5916128456704,315,3.7390634548338526,1004
1974.8752000331879,38.11242910480742,39.5916128456704,315,3.7361037718490855,1004
1975.6231191158295,38.11503110785097,39.5916128456704,314,3.729531665141305,1004
1976.8283410072327,38.13596021059049,39.5916128456704,314,3.6766691994945915,1004
1984.1956641674042,38.14932174579895,39.5916128456704,313,3.64292080116451,1004
1993.300241947174,38.15302817157153,39.5916128456704,313,3.6335591573561983,1004
1994.745381116867,38.15399944624752,39.5916128456704,312,3.631105923940888,1004
1999.9924731254578,38.155991351484126,39.5916128456704,311,3.62607479463486,1004
2006.1026680469513,38.172616177926564,39.5916128456704,310,3.5840840161655856,1004
2009.9729089736938,38.17291922789641,39.5916128456704,309,3.5833185763462345,1004
2017.6849160194397,38.17413834156201,39.5916128456704,308,3.5802393543141395,1004
2020.7336399555206,38.17557213401715,39.5916128456704,307,3.5766178992834305,1004
2022.1574511528015,38.178284603625656,39.5916128456704,306,3.5697667775090354,1004
2023.371651172638,38.178289472817696,39.5916128456704,306,3.5697544789647484,1004
2023.8580610752106,38.18380380099126,39.5916128456704,305,3.5558264579087333,1004
2026.3944799900055,38.18526298618869,39.5916128456704,305,3.5521408662074783,1004
2032.593985080719,38.187444886263,39.5916128456704,304,3.5466298503192966,1004
2041.7065770626068,38.18903188063128,39.5916128456704,304,3.5426214398146074,1004
2053.9451870918274,38.189711598871085,39.5916128456704,304,3.5409046159952515,1004
2054.8977661132812,38.19353870662742,39.5916128456704,304,3.5312381551434173,1004
2067.1837360858917,38.195345677565996,39.5916128456704,304,3.5266741305718043,1004
2067.9832949638367,38.19754970375992,39.5916128456704,304,3.5211072288077525,1004
2077.8541979789734,38.214760328585065,39.5916128456704,304,3.4776368481182,1004
2079.1150431632996,38.21616797433806,39.5916128456704,303,3.4740814341003743,1004
2081.5756900310516,38.22230607351634,39.5916128456704,303,3.458577900050862,1004
2085.661159992218,38.2316433538421,39.5916128456704,302,3.434993914315912,1004
2087.116958141327,38.23290232819265,39.5916128456704,302,3.4318140126648826,1004
2089.2037501335144,38.233805783245934,39.5916128456704,301,3.429532077203438,1004
2093.000725030899,38.24082687896195,39.5916128456704,300,3.411798281554897,1004
2103.0720479488373,38.24189463051205,39.5916128456704,299,3.4091013680589373,1004
2104.4507100582123,38.25340554926025,39.5916128456704,298,3.3800272336126578,1004
2107.6078641414642,38.25675681190002,39.5916128456704,297,3.3715626563982073,1004
2117.1993350982666,38.25774064452306,39.5916128456704,297,3.3690777042774713,1004
2118.413994073868,38.266412072865634,39.5916128456704,297,3.3471755191445367,1004
2119.1064660549164,38.272512625596534,39.5916128456704,296,3.331766819441699,1004
2120.902414083481,38.282117390437016,39.5916128456704,296,3.30750722466863,1004
2127.45503115654,38.282643478499416,39.5916128456704,296,3.3061784380277537,1004
2128.6168370246887,38.290861566880835,39.5916128456704,296,3.2854212932924445,1004
2130.813749074936,38.29243888188023,39.5916128456704,295,3.2814373308164955,1004
2131.3629779815674,38.30129706834943,39.5916128456704,295,3.2590634343457277,1004
2133.065463066101,38.30188292374676,39.5916128456704,295,3.257583688118626,1004
2138.489636182785,38.303484971281016,39.5916128456704,294,3.2535372565158,1004
2142.4951660633087,38.30388305344051,39.5916128456704,293,3.252531785581731,1004
2150.6652851104736,38.30469665608928,39.5916128456704,292,3.2504767981985685,1004
2157.4595651626587,38.30500713491647,39.5916128456704,291,3.2496925946643356,1004
2159.9826560020447,38.313912172270406,39.5916128456704,291,3.22720036281552,1004
2161.385782957077,38.31535990968406,39.5916128456704,290,3.2235436857831914,1004
2163.8351509571075,38.33368217700954,39.5916128456704,289,3.177265532385144,1004
2164.374617099762,38.334988634896916,39.5916128456704,288,3.173965697411342,1004
2176.979418039322,38.341742986299764,39.5916128456704,288,3.1569056412090957,1004
2188.8936190605164,38.34737706499468,39.5916128456704,288,3.1426751557856307,1004
2202.142660140991,38.34890554314212,39.5916128456704,288,3.1388145448188585,1004
2217.102907180786,38.35507924454688,39.5916128456704,288,3.1232210871114883,1004
2221.4544620513916,38.3659762657074,39.5916128456704,287,3.0956975275055663,1004
2225.736472129822,38.36720626941135,39.5916128456704,286,3.092590799550987,1004
2235.8198931217194,38.36923741432074,39.5916128456704,285,3.087460559170751,1004
2239.1613070964813,38.399951342011704,39.5916128456704,284,3.0098837051772427,1004
2240.3570971488953,38.40304852588293,39.5916128456704,283,3.0020608769350616,1004
2247.8381650447845,38.40366217936114,39.5916128456704,283,3.0005109186633345,1004
2248.790258169174,38.403728979876725,39.5916128456704,282,3.0003421947574824,1004
2250.4554851055145,38.40653461150812,39.5916128456704,281,2.993255765512145,1004
2250.917356967926,38.40758590939072,39.5916128456704,280,2.9906004104835553,1004
2261.1892170906067,38.409961844227986,39.5916128456704,280,2.984599304020605,1004
2267.1968779563904,38.41131649923222,39.5916128456704,279,2.9811777333725096,1004
2269.493973970413,38.41182290828258,39.5916128456704,278,2.979898651733847,1004
2271.2921640872955,38.42511263916818,39.5916128456704,278,2.9463316158633965,1004
2275.017949104309,38.43369494337706,39.5916128456704,277,2.9246545393514083,1004
2276.6415309906006,38.43396807648848,39.5916128456704,276,2.9239646631584755,1004
2284.8174171447754,38.43449840925826,39.5916128456704,276,2.9226251552888547,1004
2287.217164039612,38.43704825209544,39.5916128456704,276,2.9161847941772336,1004
2289.834050178528,38.444542804879696,39.5916128456704,276,2.897255146593861,1004
2290.7326850891113,38.44880304676265,39.5916128456704,276,2.88649468098828,1004
2292.520843029022,38.45365508915256,39.5916128456704,275,2.8742394530721382,1004
2294.2330610752106,38.459500210113504,39.5916128456704,274,2.859475919735605,1004
2294.7554380893707,38.46042037314407,39.5916128456704,273,2.857151783474345,1004
2298.2606480121613,38.46262088306655,39.5916128456704,272,2.8515937630646713,1004
2299.717574119568,38.468925984114904,39.5916128456704,271,2.8356684177827494,1004
2301.1022651195526,38.46913676863504,39.5916128456704,270,2.83513602088102,1004
2302.948856115341,38.48527912069906,39.5916128456704,270,2.7943638701556974,1004
2316.629390001297,38.49174344907777,39.5916128456704,270,2.7780363504764587,1004
2317.6505081653595,38.498614963794594,39.5916128456704,269,2.7606803646427593,1004
2333.1864869594574,38.505462154425715,39.5916128456704,269,2.7433858162801785,1004
2342.9451990127563,38.506558871230084,39.5916128456704,268,2.740615742707666,1004
2343.3020441532135,38.50657619516066,39.5916128456704,267,2.7405719861407247,1004
2356.68163394928,38.50730357007945,39.5916128456704,266,2.738734791678291,1004
2362.079540014267,38.51295551745794,39.5916128456704,265,2.724459173757596,1004
2363.575220108032,38.52516220627048,39.5916128456704,265,2.693627671994527,1004
2363.757145166397,38.52530690755934,39.5916128456704,264,2.6932621872909244,1004
2367.1544740200043,38.5364913003303,39.5916128456704,263,2.665012788069543,1004
2372.8878440856934,38.53759583118364,39.5916128456704,262,2.662222977869981,1004
2374.614984035492,38.542320100467194,39.5916128456704,262,2.6502904776660308,1004
2378.228441953659,38.54781696731247,39.5916128456704,261,2.6364065602143616,1004
2378.961569070816,38.5482970051044,39.5916128456704,260,2.6351940867700434,1004
2379.7950999736786,38.550145566375726,39.5916128456704,259,2.6305250138567238,1004
2380.308655023575,38.55179138771051,39.5916128456704,258,2.626368018936616,1004
2387.839637041092,38.55484699370011,39.5916128456704,258,2.618650207587247,1004
2389.0828759670258,38.56454368532968,39.5916128456704,257,2.5941584252813095,1004
2394.557527065277,38.56484294941916,39.5916128456704,256,2.5934025477911855,1004
2428.508185148239,38.580844179971834,39.5916128456704,256,2.552986840012247,1004
2429.7065880298615,38.582771170780624,39.5916128456704,255,2.548119670755207,1004
2467.0864069461823,38.58532108108177,39.5916128456704,255,2.5416791392439295,1004
2468.8283891677856,38.58559869896354,39.5916128456704,254,2.5409779354742166,1004
2469.608621120453,38.58608992897901,39.5916128456704,254,2.5397371928518213,1004
2479.5112941265106,38.59141757104548,39.5916128456704,254,2.526280701227589,1004
2480.6577219963074,38.592364557539014,39.5916128456704,253,2.523888814599423,1004
2518.2667441368103,38.599585430178166,39.5916128456704,253,2.5056504248998177,1004
2518.653566122055,38.60228023088309,39.5916128456704,252,2.498843931020856,1004
2521.9515810012817,38.604194313468696,39.5916128456704,251,2.49400936519231,1004
2522.2619400024414,38.60515587474965,39.5916128456704,250,2.4915806657485646,1004
2563.925985097885,38.62264877902521,39.5916128456704,250,2.447397307157563,1004
2600.7791080474854,38.6236124529555,39.5916128456704,250,2.444963271610583,1004
2636.871901988983,38.636913128121606,39.5916128456704,250,2.411368592813451,1004
2639.3169779777527,38.64020998235747,39.5916128456704,250,2.403041439664337,1004
2640.1776809692383,38.640432368592386,39.5916128456704,249,2.402479739296677,1004
2641.893495082855,38.643763269569135,39.5916128456704,248,2.394066591315731,1004
2642.589693069458,38.64406115435281,39.5916128456704,247,2.393314197658927,1004
2645.5214459896088,38.64714193757792,39.5916128456704,247,2.3855327939633577,1004
2647.2849321365356,38.65260484761622,39.5916128456704,246,2.371734644189588,1004
2663.277923107147,38.66400676358137,39.5916128456704,245,2.3429358276079117,1004
2665.9720799922943,38.67312581066815,39.5916128456704,244,2.3199030526554902,1004
2667.3453130722046,38.68442890363375,39.5916128456704,243,2.29135384196871,1004
2688.754641056061,38.686587985358564,39.5916128456704,242,2.2859004603819866,1004
2706.2159399986267,38.69157515565749,39.5916128456704,241,2.2733039280851965,1004
2719.0710170269012,38.69177855647242,39.5916128456704,241,2.272790180853617,1004
2719.9767501354218,38.69288531125487,39.5916128456704,241,2.2699947534817584,1004
2739.996031999588,38.69687511732244,39.5916128456704,240,2.2599173512725454,1004
2742.4776899814606,38.709243590875985,39.5916128456704,239,2.2286772156363535,1004
2743.0417740345,38.72304691657847,39.5916128456704,238,2.193812948408118,1004
2745.2839670181274,38.72822439670257,39.5916128456704,237,2.180735733937756,1004
2749.2177200317383,38.73291463547465,39.5916128456704,236,2.1688891875736043,1004
2754.390496969223,38.73714259467398,39.5916128456704,235,2.158210261166099,1004
2754.8118920326233,38.737828151898256,39.5916128456704,234,2.1564786893128756,1004
2791.616312980652,38.74117542514004,39.5916128456704,234,2.1480241884698965,1004
2792.897675037384,38.741632383766685,39.5916128456704,234,2.14687000809229,1004
2805.931615114212,38.74477919712926,39.5916128456704,234,2.1389218263022656,1004
2844.9827840328217,38.74565232624998,39.5916128456704,234,2.1367164877015794,1004
2846.30309510231,38.747350892007255,39.5916128456704,233,2.132426271579558,1004
2858.7744150161743,38.758284143667886,39.5916128456704,233,2.1048112014301052,1004
2926.922173976898,38.758953311527115,39.5916128456704,234,2.103121025629899,1017
2998.0098440647125,38.758953311527115,39.5916128456704,237,2.103121025629899,1031
3072.1844000816345,38.758953311527115,39.5916128456704,238,2.103121025629899,1046
3155.764688014984,38.758953311527115,39.5916128456704,240,2.103121025629899,1062
3161.3965401649475,38.758953311527115,39.5916128456704,240,2.103121025629899,1062
3166.859586954117,38.758953311527115,39.5916128456704,240,2.103121025629899,1062
3172.267838001251,38.758953311527115,39.5916128456704,240,2.103121025629899,1062
3178.8108201026917,38.758953311527115,39.5916128456704,240,2.103121025629899,1062
3184.4255061149597,38.758953311527115,39.5916128456704,240,2.103121025629899,1062
3190.46528506279,38.758953311527115,39.5916128456704,240,2.103121025629899,1062
3196.089207172394,38.758953311527115,39.5916128456704,240,2.103121025629899,1062
3202.3192341327667,38.758953311527115,39.5916128456704,240,2.103121025629899,1062
3208.9492139816284,38.758953311527115,39.5916128456704,239,2.103121025629899,1062
3215.7113020420074,38.758953311527115,39.5916128456704,239,2.103121025629899,1062
3221.4429891109467,38.758953311527115,39.5916128456704,239,2.103121025629899,1062
3228.8877840042114,38.758953311527115,39.5916128456704,239,2.103121025629899,1062
3234.3428020477295,38.758953311527115,39.5916128456704,239,2.103121025629899,1062
3243.4414081573486,38.758953311527115,39.5916128456704,239,2.103121025629899,1062
3249.516069173813,38.758953311527115,39.5916128456704,239,2.103121025629899,1062
3256.2758700847626,38.758953311527115,39.5916128456704,239,2.103121025629899,1062
3267.0135741233826,38.758953311527115,39.5916128456704,239,2.103121025629899,1062
3276.712322950363,38.758953311527115,39.5916128456704,239,2.103121025629899,1062
3303.906732082367,38.758953311527115,39.5916128456704,239,2.103121025629899,1062
3311.9953789711,38.758953311527115,39.5916128456704,239,2.103121025629899,1062
3349.987965106964,38.75991667534637,39.5916128456704,239,2.100687773357485,1062
3351.4890201091766,38.762645517973766,39.5916128456704,238,2.093795296816973,1062
3396.232628107071,38.76490463483606,39.5916128456704,238,2.088089247732544,1062
3399.452486038208,38.76623506675965,39.5916128456704,237,2.0847288594382416,1062
3443.4835679531097,38.767183654050925,39.5916128456704,237,2.082332929535174,1062
3443.6940619945526,38.76937227041566,39.5916128456704,236,2.07680494972474,1062
3453.1225850582123,38.771361742684626,39.5916128456704,235,2.0717799655779157,1062
3454.635437965393,38.77547196654882,39.5916128456704,234,2.061398413605741,1062
3457.3631570339203,38.78323888048183,39.5916128456704,233,2.041780839643076,1062
3466.963830947876,38.78510247954584,39.5916128456704,233,2.037073784461279,1062
3484.589863061905,38.78945877484227,39.5916128456704,232,2.026070708346633,1062
3488.242508172989,38.79019966265846,39.5916128456704,231,2.0241993831771317,1062
3523.849802017212,38.79506594081919,39.5916128456704,231,2.0119081987292984,1062
3524.8141889572144,38.797244040433085,39.5916128456704,230,2.0064067819964584,1062
3551.0035150051117,38.81699632893343,39.5916128456704,230,1.9565166990202043,1062
3570.9777460098267,38.81722529729199,39.5916128456704,229,1.955938373607053,1062
3572.538992166519,38.81788591322096,39.5916128456704,228,1.9542697981652117,1062
3574.878452062607,38.81929883103426,39.5916128456704,227,1.9507010680434933,1062
3576.085541009903,38.8263360774717,39.5916128456704,226,1.93292647910499,1062
3578.7533810138702,38.82707492638419,39.5916128456704,225,1.9310603037729301,1062
3592.7794229984283,38.82736075758119,39.5916128456704,224,1.9303383549144393,1062
